,tweet_id,det_fake_label
0,1570480204640030720,0
1,1656084643483906051,1
2,1646249274467057666,1
3,1649086122184564738,0
4,1648948327180910593,1
5,1574168230213689348,0
6,1560638969481773057,0
7,1616099854064963586,0
8,1507024450600017932,1
9,1655998362695475212,0
10,1656086087536635905,1
11,1656086219212636160,1
12,1656083855734964226,0
13,1654488033637421059,1
14,1575672192490438656,1
15,1656022621836779523,1
16,1656081714970591232,0
17,1656010238338768905,1
18,1656027547824431113,1
19,1636050261083930625,0
20,1656079532758118401,0
21,1537811290143350784,0
22,1646144308934848512,1
23,1656085450996547585,1
24,1655350364038676480,0
25,1656082324835168256,0
26,1620548063453380608,0
27,1651870456524275717,1
28,1616669944359391233,0
29,1656086094855786496,0
30,1656085231093583873,0
31,1656082963824623617,0
32,1656079534641369088,0
33,1656070596004831232,1
34,1615422817457082375,0
35,1656024816212746253,1
36,1656086220663824387,1
37,1656063046811369472,1
38,1656067616249884673,1
39,1593221195104915456,0
40,1656069883681972225,1
41,1622958967730106369,0
42,1655711209566478341,0
43,1656083222361415680,0
44,1652898409572089856,1
45,1656082580058374153,0
46,1493437522634231809,0
47,1575562506843484160,1
48,1565065158300516355,0
49,1656023586346344458,1
50,1656061230056914944,1
51,1629266941117452288,0
52,1633530169096040448,0
53,1656086300116807681,0
54,1643599877518024704,0
55,1656083420613582848,0
56,1656085867130236929,1
57,1640609939973455872,0
58,1485887161429811201,0
59,1593707620409425920,1
60,1569136029894066177,1
61,1613626946981867520,1
62,1656035469048659969,1
63,1656074125096677376,1
64,1563126313791066113,1
65,1656019113330843679,0
66,1522314361729130498,0
67,1592173204218339329,0
68,1485018767344259077,0
69,1650761032212836352,0
70,1654636119785623553,0
71,1656071427164913670,1
72,1656021749471879190,1
73,1656010235742494720,1
74,1656015763503816755,1
75,1656041398292889628,1
76,1608520737681477633,0
77,1656058870949638144,1
78,1602710448146710531,0
79,1656077500462637058,1
80,1656086534213214209,1
81,1656023952748159055,1
82,1656085799396311044,0
83,1628093104199806976,0
84,1656079043526008834,1
85,1618588312452595713,0
86,1656084931007660032,0
87,1583932423951175680,0
88,1595528192797859852,0
89,1614291875959021573,0
90,1656070443164483584,1
91,1575437368643178496,0
92,1656085877884432388,0
93,1656085634308530176,1
94,1618463586548076545,0
95,1656081179194593282,0
96,1656075952693325824,1
97,1656076100068335616,1
98,1492561568755634178,0
99,1656085280926097408,0
100,1656083746737537025,0
101,1656075772124348416,1
102,1656035210469752838,1
103,1656048664870002689,1
104,1611450781504258053,0
105,1612922579320283136,0
106,1593225927596855297,0
107,1656068373610987520,1
108,1656027012618649600,1
109,1656082775722655746,1
110,1554653400561844225,0
111,1655628967527821350,0
112,1656082458616422402,1
113,1597004890655662081,0
114,1656082606054600705,0
115,1488599196982722562,0
116,1656015581181616142,1
117,1656080535335104513,0
118,1656084976230711303,0
119,1656082010925043712,0
120,1654470164530991104,1
121,1615580349806903296,0
122,1656085602692136962,1
123,1656030094559772674,1
124,1656085143604326400,0
125,1656086372652838913,0
126,1656085688305975296,1
127,1656043804594454547,1
128,1656084955078836224,1
129,1578812070413635584,1
130,1568767080794656770,1
131,1634253144782675988,0
132,1656079542488891393,0
133,1525699133050236928,0
134,1510384813148188682,1
135,1628955406184726529,0
136,1542478831386238976,0
137,1650584570964889602,0
138,1655606931845783553,0
139,1650660664543793153,0
140,1656086270836342785,1
141,1587992096598032384,1
142,1656086450654289920,1
143,1656058240277307394,1
144,1602514403911667713,0
145,1656085231353614337,1
146,1656079823951757315,0
147,1653492572281622530,0
148,1544573836162568192,0
149,1656053929484976130,1
150,1540045856291930112,0
151,1656085825044504577,1
152,1629565143624417282,0
153,1651283885282545667,1
154,1557126844968747009,0
155,1611046473793433601,1
156,1654771008472064001,0
157,1513823011819954186,1
158,1575184676737921024,1
159,1586477152052076550,0
160,1553107596969664512,0
161,1616195514025840657,0
162,1656086353849769986,0
163,1656085823551586304,1
164,1601238914592817152,0
165,1656071896864006145,1
166,1604720359298801666,0
167,1656065226926866432,1
168,1656085180988243968,0
169,1533255277575028736,1
170,1656086077445226496,1
171,1656083812680441857,0
172,1656083040907452416,1
173,1577126310467407872,1
174,1560732467476283392,0
175,1656083710502903813,0
176,1596918346469224449,0
177,1619616013544312833,0
178,1656070768764092418,1
179,1620062057361203203,1
180,1656085915150721025,1
181,1656074218608660482,1
182,1603021753613258754,0
183,1656085903557763072,1
184,1562646797201199107,0
185,1656080267042336772,1
186,1656066425746862080,1
187,1656054870376345603,1
188,1491871618456436736,0
189,1656085845353299968,1
190,1656078457883840513,1
191,1601695181543088128,0
192,1656081768427016193,0
193,1655781571838767105,0
194,1632123897498746881,0
195,1656086235482570752,1
196,1546803712814854144,0
197,1559680906645880834,0
198,1569438264821678080,0
199,1594799697952399360,0
200,1616416124467396608,0
201,1552161041727078401,1
202,1656082056462344192,1
203,1656085970553540608,1
204,1571950691903496192,0
205,1656086028577386496,1
206,1656084683199840259,1
207,1656079915295408129,0
208,1656022609392447488,1
209,1597269366105640960,0
210,1656085043964678144,1
211,1656085039413854208,0
212,1629262647207284736,0
213,1656080149249507335,0
214,1599494289834528769,1
215,1656085523499462656,1
216,1501945986742059008,1
217,1656081410237636608,0
218,1649876548671897600,1
219,1656031311037857793,0
220,1656077421496668160,1
221,1602700647895564288,0
222,1656085295132213249,1
223,1611463358506475549,0
224,1600460370216472577,0
225,1656085178224189441,1
226,1654537016208506881,0
227,1656084267670159364,1
228,1656057954997792768,1
229,1604627827390877696,0
230,1577076093156458496,0
231,1656075227703410688,1
232,1656070653404151808,1
233,1651193873568354304,0
234,1656073018718711811,1
235,1656021194565378048,1
236,1541436191039299585,0
237,1591839693150507010,0
238,1519439352312610816,0
239,1592786188053917696,1
240,1655138749255151616,0
241,1656086278033604608,0
242,1656085674997473282,1
243,1655897169746952192,0
244,1653357476090114050,1
245,1655863774048575488,1
246,1488228010545319940,1
247,1654258602998132736,0
248,1656086409579581443,1
249,1654608519608299520,0
250,1613765402106155010,0
251,1656035755049795584,1
252,1580708362203070465,0
253,1614406391485313028,0
254,1620875023442665477,0
255,1656083236022353920,1
256,1656085491446325252,0
257,1656086481838956546,1
258,1648296699553542146,0
259,1653659433442918402,0
260,1656080243403153408,0
261,1603147835674861568,0
262,1635984940008439810,0
263,1656038017050591232,1
264,1656076014575927298,1
265,1656022873687957516,1
266,1612419203042082819,0
267,1656081782343880704,1
268,1656085506449461250,1
269,1571891991100678146,1
270,1656073824239226880,1
271,1608182866306809856,0
272,1656085550552498179,1
273,1633999270926745601,1
274,1656086044406607875,1
275,1608381262439358464,1
276,1656027221830582274,1
277,1656086332119334912,0
278,1485253975884505088,0
279,1629504938689585152,0
280,1656082281730043908,1
281,1579943716932169730,0
282,1480404032959258630,0
283,1656085624019992578,1
284,1656076075397525504,1
285,1655266362879627266,0
286,1621252889225076750,1
287,1656085569636642816,1
288,1582356149734887424,0
289,1630371077045080071,0
290,1656084496029200384,1
291,1654864044409630720,0
292,1589031694656573440,0
293,1537445109393813504,0
294,1656085618710151168,0
295,1559958235184078848,0
296,1559676570821922821,0
297,1624115754705776640,0
298,1609309489144147969,1
299,1650605905682247681,1
300,1619213952189095936,0
301,1656038154837655552,1
302,1656025898083319809,1
303,1656032943557492743,1
304,1624058654667177986,0
305,1649710394058108928,0
306,1573268309629620224,0
307,1656073080849203201,0
308,1656032284930129921,1
309,1654255899437854720,1
310,1656071011463491585,1
311,1656079761444044801,1
312,1569133247979819009,1
313,1632731016912683011,0
314,1535813900087615488,0
315,1562249590417477632,0
316,1522753662338191360,1
317,1656086278759419905,1
318,1556638205830578176,1
319,1504076237458882567,0
320,1654979420497629185,0
321,1655689263474786306,0
322,1656085638893146112,1
323,1587139185797890051,0
324,1575158661735141376,1
325,1656079574147514368,0
326,1656071335926435840,1
327,1494940371415044096,0
328,1631347290303520771,0
329,1583310093780910080,0
330,1566749679127351296,0
331,1656086181090664451,1
332,1656073119184896003,1
333,1589021834908905472,1
334,1656077779568570369,1
335,1656072795003002883,1
336,1656073172314124295,1
337,1656083368184803328,0
338,1623288029874888709,0
339,1570825035291451395,0
340,1656081557268885505,1
341,1506731839502917637,0
342,1656050570623328257,1
343,1642846438676627456,1
344,1654879182038392832,0
345,1559930148425809921,1
346,1525874354998894595,0
347,1648797412914331652,1
348,1656083387550142464,0
349,1656084209780375552,0
350,1656082728155070464,0
351,1656084985042878464,0
352,1655436645598994432,0
353,1656039305922396163,1
354,1656013690012049408,1
355,1656062967484411904,1
356,1656009658790825986,1
357,1656042137090179093,1
358,1656077043560513543,1
359,1656075006659444736,1
360,1656055461601239040,1
361,1542627365150490630,0
362,1556584609122775040,0
363,1514500298374475779,0
364,1551490970549723136,0
365,1656084803576545280,1
366,1656066169311223889,1
367,1487845571796688896,0
368,1655282555078291456,0
369,1600656407703220224,0
370,1651074139510145024,0
371,1656037452027514880,1
372,1656063380807901184,1
373,1595415538972368903,0
374,1656071224441597954,1
375,1582127740433465344,0
376,1656079939479773190,1
377,1656085704911343617,0
378,1592183086091243523,0
379,1656077961798270976,1
380,1653831211704516608,1
381,1656066744211976195,1
382,1534937943609004037,0
383,1656074380655378434,1
384,1650500343136960513,0
385,1585387912446746624,0
386,1644365736977002499,0
387,1656086564919820289,1
388,1656083258378166273,0
389,1656082213727862784,1
390,1634992883127455744,0
391,1656033239188881409,1
392,1646998953907437569,1
393,1656075968379846656,1
394,1656062934475325441,1
395,1655819440574042112,0
396,1656086504211623936,0
397,1656085628356898818,1
398,1656029185591083008,1
399,1599651849992572929,1
400,1567538183499546630,0
401,1656076547424436226,1
402,1654542725671157761,0
403,1656079354097483776,0
404,1615090086982602754,1
405,1608199942647988224,0
406,1656081197573734401,1
407,1654749835394940930,0
408,1656085575043014657,0
409,1620787446341320705,0
410,1649919580670767111,0
411,1583705565578301441,0
412,1592321485108310017,0
413,1656083368402993152,0
414,1656084866839232513,0
415,1656079959205478403,0
416,1656086206365544450,1
417,1577700570000785414,1
418,1569470012817113091,1
419,1656086512591593472,1
420,1655696708200992768,0
421,1581721644145545216,0
422,1656086468832444418,1
423,1656082131305603072,1
424,1656044761180979202,1
425,1619923627289505793,0
426,1656074978444419073,1
427,1540413206283358210,1
428,1656020787386621979,1
429,1656081807585038336,0
430,1656033227373531137,1
431,1582878978695565313,0
432,1653836064203612171,1
433,1656034738581143552,1
434,1656077332749090817,1
435,1609154548106510338,1
436,1651493193878319105,0
437,1566939384649482241,0
438,1656062797795692544,1
439,1656085204803497985,1
440,1646913738585374720,0
441,1656041460121190400,1
442,1477732517608370184,1
443,1634817776387866626,0
444,1656081688873558016,0
445,1656085198008893442,1
446,1656082512215457793,1
447,1656082454116028416,0
448,1655843181223895040,0
449,1543140849050996738,0
450,1480302949012230148,1
451,1654506077243711490,0
452,1655023463369932801,0
453,1636415797458354186,1
454,1656070879342649345,1
455,1643825184850477057,0
456,1575774023916453888,1
457,1656085770049044486,0
458,1656084464387207168,0
459,1559921789702127617,0
460,1644132673093349376,1
461,1531636138808590336,0
462,1569376222878253057,1
463,1629130915006873601,1
464,1656066986076405762,1
465,1656085022749646850,1
466,1583218709002608640,0
467,1620450720305799168,0
468,1567065100053250050,0
469,1656083129088483328,0
470,1630175352508260357,0
471,1656084697028481024,1
472,1656054923103211525,1
473,1590207504604356609,0
474,1546698362799329287,0
475,1612396951143698433,0
476,1486449773318230021,0
477,1656086017697521665,1
478,1656086523798798338,1
479,1607436632457625601,0
480,1656084692653998081,1
481,1656067950653366273,1
482,1647201416283320320,1
483,1656080072833482753,0
484,1656056167146172416,1
485,1654156791343718400,0
486,1648834610522980355,1
487,1656085438732312576,1
488,1656029991044251648,1
489,1652610139105656833,0
490,1643053528150331393,0
491,1656079142562013185,1
492,1656086499048189953,1
493,1656085141196767233,1
494,1557908510758711296,0
495,1593225889675821057,0
496,1656085291105505281,1
497,1618361286315872256,0
498,1656036120738643976,1
499,1654976477316923392,0
500,1656082372947849218,0
501,1647234830835281921,1
502,1656078959883218945,0
503,1529570731536683008,1
504,1656086440470618114,1
505,1584248370373472256,1
506,1604650121928626186,0
507,1654874210525749248,0
508,1570672584056016896,1
509,1595411788149014530,0
510,1481454244889001984,0
511,1496838595142832139,0
512,1585061741217603584,0
513,1656085644060368897,1
514,1656083121018634241,0
515,1647362488982282244,1
516,1656052104593653761,1
517,1577088851134525440,1
518,1655108304396337152,0
519,1656048487471955986,1
520,1616040028521762817,0
521,1652047723384676367,0
522,1656068793674653696,1
523,1598844466655551489,0
524,1631923509298442240,0
525,1656063749646872577,1
526,1656085966992334848,1
527,1656018498479431722,1
528,1615726283622694913,0
529,1635481664037036033,0
530,1656085050776059905,1
531,1656085586468552705,1
532,1656052079503212547,1
533,1656068565676568583,1
534,1575236983160332289,1
535,1656072027965407235,1
536,1507646110818455556,0
537,1651837405631234050,0
538,1648260564710309888,1
539,1656085918971830274,1
540,1648565097453715457,0
541,1588105256667418624,1
542,1656079909406773254,0
543,1565003247831511040,0
544,1656072770025934852,1
545,1585992297728339971,0
546,1656036549241487361,1
547,1568391861882036224,0
548,1656086622625206272,1
549,1656086610067193858,1
550,1656086204427771910,1
551,1565157238905470978,1
552,1655860016493080576,1
553,1590870249880133633,0
554,1622201579381161985,1
555,1497604280429301771,1
556,1656086011288461320,1
557,1656078686137774081,1
558,1656030264835858433,1
559,1617516985406849026,0
560,1522588771883048960,0
561,1583111227072315392,0
562,1636713814296018944,0
563,1656085358046576640,0
564,1489862964924481539,0
565,1633480207704178688,0
566,1656013782731071492,1
567,1654505030861352962,0
568,1656080033058783232,0
569,1656086505306087426,1
570,1529887087264247811,0
571,1656082030524760071,1
572,1524444962695303169,0
573,1656069465090449408,1
574,1601902624688701448,0
575,1615016742455050243,0
576,1635610634988449794,0
577,1656085996843180033,1
578,1651690270851837957,1
579,1626008514681348097,0
580,1655453612280262662,0
581,1656011177271472129,1
582,1654869344898170882,1
583,1656074829148172288,1
584,1494923213696282624,0
585,1491648637838839811,0
586,1656086278432079875,1
587,1631720201539448832,0
588,1656080315356524544,1
589,1656079822567735297,0
590,1656006861663895552,1
591,1656027849717870592,1
592,1583485011608875011,0
593,1487199090853265415,0
594,1642970916329254912,0
595,1656075554846830592,1
596,1655046842055540737,0
597,1656084876443918337,1
598,1541947944093597696,0
599,1656030821587861512,1
600,1656008296732725248,1
601,1656071654764675075,1
602,1656084415687139328,0
603,1577425217210961922,0
604,1656067680762478592,1
605,1652948226243166210,0
606,1637890499301220387,0
607,1656079943535583233,0
608,1656085338916368387,1
609,1610244361924771853,0
610,1656065334716112896,1
611,1656019665494188075,1
612,1656086611313000448,1
613,1656085336240340992,1
614,1628660806933164032,0
615,1594788075011448835,0
616,1519262608628621312,0
617,1568029801440583681,1
618,1649423576297009162,1
619,1564731649144897536,0
620,1648933482050240512,0
621,1656073477189779458,1
622,1656035335602618374,1
623,1573756482654461954,1
624,1656011234121252864,0
625,1656068635121573888,1
626,1597777049405444096,0
627,1655644664782016512,0
628,1656085748410626048,0
629,1581441553712586752,0
630,1655012731303477249,0
631,1656081229400113158,1
632,1522847113520033794,0
633,1600846795181101058,0
634,1596058670550450176,0
635,1656071047567769600,1
636,1655124584067215360,1
637,1656085537977954305,1
638,1506700753121038339,0
639,1518874377684725761,0
640,1608185530138640384,0
641,1656085918497873921,1
642,1544621237799985152,1
643,1656020051856695310,0
644,1656074673401069568,1
645,1656079804636995585,0
646,1509125460558417921,0
647,1656067761708183552,1
648,1656059259287662592,1
649,1654951691341406208,0
650,1575604760283160576,0
651,1656080841125027843,1
652,1656080593073864707,0
653,1656086298728230913,1
654,1656053502483787779,1
655,1545846749880848387,0
656,1651827769548984324,0
657,1574840828442415110,1
658,1642784388600455168,0
659,1656085985296252928,1
660,1479240169853235202,0
661,1539761483588014081,0
662,1656080924218408961,0
663,1656084742561832960,0
664,1656080607766781955,0
665,1656085894871351297,1
666,1617000731709689856,0
667,1576603413353156608,0
668,1482807263081676802,0
669,1625139099781791744,0
670,1494144688928038912,0
671,1656024042967826432,1
672,1656077127798669312,1
673,1656084370799640577,0
674,1577141684022153216,1
675,1585042505552351233,0
676,1654193095888580609,0
677,1655740826419380225,0
678,1571129446035226625,1
679,1656041982945312796,1
680,1600305164497264642,0
681,1648727833693556737,0
682,1656072397412352001,1
683,1656086558720794624,1
684,1656082339368239104,1
685,1656024940213149703,1
686,1633359982333771779,1
687,1656008381155639296,1
688,1650938891342323743,0
689,1656085493124304896,1
690,1656079759443644416,1
691,1656073286856392709,1
692,1504439668443652101,0
693,1656086195237953536,1
694,1656075213572907008,1
695,1612017427403116544,0
696,1656074929975222273,1
697,1644007056456966144,0
698,1656086313932664834,1
699,1656066424362680320,1
700,1567496960155996161,0
701,1656086351513636864,1
702,1656086092200697857,1
703,1609817172448276480,0
704,1656086485152718848,0
705,1655738745256128513,0
706,1656082888905949186,0
707,1654334411041636352,1
708,1656079245079191552,0
709,1654859090743492608,0
710,1656072952822243330,1
711,1623328514882654208,0
712,1656086488982118400,1
713,1507846806901858306,0
714,1562186362996277250,1
715,1656086145342783489,0
716,1656085091448135680,1
717,1567061309560070144,0
718,1656073257110437890,1
719,1656060984362954753,1
720,1656023367521116197,1
721,1509426189848481793,0
722,1656085823190695937,1
723,1484737586715238401,0
724,1656086326192623617,0
725,1652497480393670656,0
726,1625475507331698688,0
727,1656084182085296128,0
728,1648279148874571776,1
729,1656077430031888385,1
730,1656086634184470531,1
731,1595505789128806400,0
732,1610852982408744965,1
733,1656036233313767424,1
734,1656085837917073409,1
735,1584210042835738624,0
736,1647757121856077824,0
737,1596438253561057280,0
738,1583098209492094978,0
739,1600014345936965632,0
740,1656060588999720961,1
741,1656080151015202817,0
742,1656062801884901376,1
743,1639591088850874368,0
744,1618152806204215299,0
745,1655915116054081537,0
746,1654955718615740424,1
747,1656070824565133313,1
748,1656078578755272704,1
749,1566549190477479936,0
750,1582193010238173184,0
751,1656074872962039809,1
752,1538623924682084359,0
753,1656056788343484418,1
754,1649768596254388224,0
755,1637563393509916677,0
756,1655992493547061268,0
757,1656084216994570242,0
758,1523693445042290688,0
759,1625215480117231616,0
760,1542706815963734016,0
761,1656074973876744192,1
762,1656069452461641728,1
763,1638341485639909376,0
764,1611830194842501121,0
765,1656077802553081856,1
766,1656011096023781376,1
767,1656067881673564166,1
768,1650648485631279106,0
769,1655032699902640130,0
770,1583627579889590272,1
771,1655226737737728004,0
772,1656086454273994753,1
773,1538607146023124992,0
774,1656086126413725697,1
775,1656078861140934657,1
776,1576688645230120960,1
777,1656080830698254336,0
778,1638382540057616387,1
779,1484905990105542658,1
780,1568736080978771968,1
781,1641613217997676544,1
782,1633640380456660992,0
783,1655167112829366274,0
784,1656013919192850444,1
785,1590632905164075009,0
786,1515300910469206017,1
787,1652991424839786497,1
788,1655971027044687875,1
789,1629121364182413312,0
790,1656083628625936392,1
791,1656068801933512704,1
792,1556747013953269760,1
793,1656085183232081921,0
794,1641062951296679937,1
795,1656078929478975488,0
796,1570905956296556544,1
797,1656081246374727681,0
798,1656085172033576961,1
799,1655514458221862912,0
800,1527796282638704640,1
801,1655581583879942150,0
802,1588184329372442624,0
803,1618794067072266240,0
804,1520196826531573762,1
805,1655363446555410432,1
806,1648124856540512258,0
807,1654047654903697409,0
808,1602116101772541953,0
809,1656019330205720586,1
810,1656085175913299968,1
811,1645077521803669505,0
812,1521340608186621955,1
813,1656083169295171588,1
814,1656085611093315585,1
815,1656085576221618176,1
816,1656031339487928320,1
817,1656080394142334983,0
818,1656079210535063553,1
819,1656086241736265728,1
820,1584022061202038785,1
821,1656086156805636099,1
822,1572207853225611267,1
823,1656052757177024514,1
824,1565106577723596803,1
825,1656051287363063815,1
826,1534240285839990784,0
827,1648596698136993792,0
828,1656079646507556864,0
829,1656007521239277573,1
830,1554777877836611584,0
831,1575313326686412801,1
832,1656049392212746244,1
833,1631527437841448961,0
834,1656085683868426243,1
835,1656080951779246081,0
836,1571902185662664704,0
837,1647138942712524800,0
838,1656045852400468021,1
839,1656069227642535937,1
840,1656085320578871297,0
841,1625365613093990400,1
842,1656068629425782786,1
843,1593367511801614336,1
844,1656079070143102978,0
845,1603389693688676353,0
846,1656034203262406656,1
847,1656086509681008641,1
848,1654445245596065794,1
849,1656012218373140480,1
850,1656079874820325376,0
851,1656061034363232257,1
852,1622844970838417408,0
853,1592649877041057792,1
854,1656074479305388032,1
855,1656082884350844930,1
856,1495768084447211521,0
857,1656037336570839062,1
858,1656013196405112832,1
859,1656009521800568832,1
860,1539985037449478146,0
861,1656073644735361026,1
862,1564344020905918464,0
863,1622277370458652674,0
864,1656069238367330311,1
865,1578639701136883713,0
866,1654971912894795776,0
867,1654184585394114565,0
868,1605864149199818752,1
869,1643325065436733440,0
870,1525594295130107904,0
871,1656022326796853252,1
872,1656085244972335104,0
873,1649558889531097091,1
874,1548439802655084551,0
875,1496959437780758531,0
876,1656082687889743874,1
877,1597889259498835968,0
878,1568441767397040128,1
879,1636417245634084886,0
880,1656008388499701760,1
881,1595076562159812608,1
882,1606554279208431623,0
883,1632033563993427970,0
884,1656077702795866113,1
885,1656081560515346432,0
886,1626368703813292032,0
887,1656058625469853696,1
888,1656053717332811783,0
889,1656084971768135680,1
890,1507459631836135429,0
891,1656077373295427586,1
892,1655655678466203674,1
893,1576090778614784001,1
894,1654799660916301825,0
895,1653823559976755209,1
896,1656083132397780992,0
897,1644044567065374720,1
898,1655307348972388353,0
899,1649055327730671620,0
900,1655890523679346688,0
901,1514771925096333315,0
902,1656085133663911938,0
903,1656047215251472390,1
904,1656045008359751680,1
905,1656061267692384263,1
906,1656085815288823809,0
907,1487109565993095168,0
908,1636270901766373376,0
909,1656084991153954816,0
910,1648646311447494656,1
911,1600614889659457536,0
912,1539324911268909057,0
913,1656082339103924231,1
914,1629974111563956224,1
915,1656085202752663554,1
916,1590479510595584008,0
917,1652075621281873921,1
918,1644279242153132034,0
919,1506596000089407494,0
920,1656083611471294465,0
921,1656043114136576003,1
922,1656073026801221632,1
923,1503726755713994752,0
924,1656085568181108738,1
925,1651978078879379457,0
926,1484094158772051970,1
927,1655919127289012225,0
928,1540045186587398146,0
929,1656080003744841729,0
930,1609341136962813954,0
931,1656033599601221637,1
932,1598674862813372417,0
933,1656043606980034560,1
934,1656080159294869504,1
935,1575850061933723649,1
936,1643653287407910912,1
937,1606269643189911552,0
938,1575557787085840384,1
939,1656050732402118658,0
940,1656076145681481731,1
941,1656061077061238786,1
942,1656085770208432128,1
943,1656085568097337344,0
944,1613737827459817473,0
945,1656086528840581120,1
946,1581058840715415553,1
947,1576196390820126720,0
948,1656076254448173059,1
949,1656084993876062209,1
950,1566682809749626884,0
951,1565270346135216130,0
952,1572244250330374144,1
953,1482774884056977411,0
954,1496930428560846854,0
955,1641805525686841346,0
956,1553055731355717634,0
957,1656081605792784384,1
958,1653480092255830036,1
959,1656086344018345985,1
960,1603591234265677825,1
961,1656085092937383936,1
962,1592093121239994372,0
963,1656079855505625089,0
964,1630075659002183682,0
965,1654543770728415232,0
966,1591987739469107200,0
967,1656084747817451520,1
968,1575229810023886849,1
969,1592510413492871170,0
970,1601278751941066752,0
971,1656044925673435136,1
972,1656066269995474947,1
973,1656068112029024259,1
974,1629456962734653440,0
975,1656086353090625538,1
976,1656072891950145536,1
977,1587631409333563393,0
978,1486185249289777153,0
979,1530236985616613377,1
980,1627371533789286400,1
981,1637419865035231235,0
982,1656079922232737792,0
983,1653591766736723969,0
984,1573051261930422283,0
985,1655306717725327360,0
986,1629547510631890944,0
987,1656086261453537281,1
988,1656084932932796416,0
989,1656081942364794881,0
990,1655558647039000576,0
991,1585597440148873220,0
992,1597719957856751616,0
993,1656061752419971072,1
994,1654575420879110148,0
995,1655236879317434368,0
996,1615542724022915072,0
997,1656072045027901440,1
998,1642108805625573376,0
999,1537178235183673344,0
1000,1584993929736650752,0
1001,1656083207106752513,0
1002,1656073773819240450,1
1003,1649573966397177856,0
1004,1656085537688633346,1
1005,1656062210362290176,1
1006,1656084717073051649,1
1007,1656084949244727298,0
1008,1656086033698521088,0
1009,1614014835892846593,1
1010,1656031667474305024,1
1011,1656085914538614784,0
1012,1656084947411562497,1
1013,1656066725358493697,1
1014,1656086452961259520,1
1015,1656084400738643968,1
1016,1579124778023391232,0
1017,1499213415524433921,0
1018,1656084904319361025,0
1019,1587875519646863364,0
1020,1581779247773126656,0
1021,1589961606242324481,0
1022,1609247318993424384,1
1023,1651567910056345608,1
1024,1567862600809197570,0
1025,1656086254159536129,0
1026,1656084703533989889,0
1027,1573281927108378625,0
1028,1596482311058595840,0
1029,1655950974010425344,0
1030,1574502166450126881,1
1031,1656085545657958401,1
1032,1520544035278045186,0
1033,1592275661929869312,0
1034,1656081753734348800,0
1035,1656086077524922370,1
1036,1656070987064934403,1
1037,1590403926045532162,0
1038,1613024022983331841,0
1039,1656085303998943232,1
1040,1610285896259059713,0
1041,1539979172398989312,0
1042,1646211935447162880,0
1043,1507204341366947842,0
1044,1653970990311809029,1
1045,1656080660451278850,1
1046,1489608056287682562,0
1047,1656084657321164800,1
1048,1486065089912492034,0
1049,1627878685972758528,0
1050,1613576385351585793,0
1051,1656085395438723072,1
1052,1582373537603792896,0
1053,1577925859834400768,0
1054,1656080368628383744,0
1055,1656086070851772419,1
1056,1656086401211850757,0
1057,1655658302582267911,0
1058,1656083629922041860,1
1059,1656072049901617152,1
1060,1656014117491154999,1
1061,1656086160194535425,1
1062,1656024483201708034,1
1063,1656081103499796480,1
1064,1631799225464881153,0
1065,1656086048202424321,1
1066,1564392641692725248,0
1067,1656077060886994944,1
1068,1656086270450311168,0
1069,1656080457522622470,0
1070,1539812863564464129,0
1071,1656084826603094018,1
1072,1603259571925315586,0
1073,1582708168282771460,0
1074,1656084615293988864,1
1075,1582743423445913600,1
1076,1656067517830275078,1
1077,1592518857130151936,0
1078,1656085444583473155,1
1079,1656084394052812800,0
1080,1574948942273339392,1
1081,1526676838059110400,1
1082,1654856423568822273,0
1083,1652048427964833802,0
1084,1631143296155406336,0
1085,1624160802696486916,0
1086,1656044230920290337,1
1087,1562459560425574404,0
1088,1653366112636084225,0
1089,1532963355501240320,0
1090,1656038483259998217,1
1091,1563382101801865217,0
1092,1551816334794575872,0
1093,1656084787751448576,0
1094,1655267990584131586,1
1095,1656084780759519232,0
1096,1590492837585588225,0
1097,1656021119940403210,1
1098,1656030548509204481,1
1099,1537893673739776007,1
1100,1656084475024146433,1
1101,1656082370615734272,0
1102,1656041350100336651,1
1103,1488065932471713802,0
1104,1656084304215113737,0
1105,1656078671982231553,1
1106,1656086531998912512,1
1107,1655194928685645824,0
1108,1543463760576356353,0
1109,1656085698032676865,0
1110,1612972721566277632,0
1111,1480119890132574209,0
1112,1485631501450440705,0
1113,1626286042092343300,0
1114,1656081879622205442,0
1115,1614056999649525760,1
1116,1656086532728471552,1
1117,1656086062421221380,1
1118,1656083739737464832,0
1119,1498219506350510082,1
1120,1587104761454931969,0
1121,1656085492767531009,1
1122,1646257187658891266,0
1123,1589050723513139201,0
1124,1609565670714351620,0
1125,1656084950481862656,1
1126,1654433456993050625,1
1127,1656081765025427456,0
1128,1640686191308857344,0
1129,1512573177528033282,0
1130,1556712962873769988,1
1131,1544501557097811968,0
1132,1649963979811487745,1
1133,1484718672824393733,0
1134,1535001019020726272,0
1135,1643185248963014658,0
1136,1656044722006179840,1
1137,1656073552012140545,1
1138,1623598071916466179,1
1139,1539222988582707200,0
1140,1486716331449749514,0
1141,1609770259833290752,0
1142,1557832697778769920,0
1143,1605606741596676096,0
1144,1656082979070803974,1
1145,1653550105444642816,0
1146,1656084503184506881,0
1147,1656085373854838784,1
1148,1656042915053936640,1
1149,1656026813498359808,1
1150,1627840175177887746,1
1151,1635812302623481856,1
1152,1638464680023793664,0
1153,1554817323634233346,0
1154,1656082641920114688,0
1155,1656086265140506624,1
1156,1656085007532711938,1
1157,1638689219064332289,0
1158,1656059957752520704,1
1159,1656086227693477889,0
1160,1656086578450579456,1
1161,1656085146515173376,1
1162,1602156767219163136,1
1163,1583285004276158465,1
1164,1656043060101300241,1
1165,1656085531313291266,1
1166,1567091859918360576,0
1167,1656082490820313088,0
1168,1575388870828597256,0
1169,1481812440962768896,0
1170,1656083820674945025,0
1171,1558071320318976002,1
1172,1656085257890701312,1
1173,1656086553918152707,0
1174,1513039586301202435,0
1175,1656048632523522052,1
1176,1656084217481113600,0
1177,1603146237217218561,0
1178,1656083021848784896,0
1179,1656017266377465897,1
1180,1564645024402374656,1
1181,1656085419078062081,1
1182,1656085110049865733,1
1183,1656084941602537472,1
1184,1656084462919368704,1
1185,1538527943105839108,1
1186,1647978811877740549,0
1187,1656080388744441856,0
1188,1656015995184586763,1
1189,1656082911622209539,1
1190,1656075099416428548,1
1191,1656080803376291840,1
1192,1656041245028827136,1
1193,1516547352676339715,0
1194,1656081468848848898,0
1195,1656033935661359105,1
1196,1656014188991455254,1
1197,1656085792907997185,0
1198,1656079781270802432,0
1199,1607767678512496641,1
1200,1656061003359047680,1
1201,1656079857934282752,1
1202,1656086471479115776,1
1203,1597721094051762176,0
1204,1656082081506639876,0
1205,1631234930444316672,1
1206,1656084926419042306,1
1207,1565888606836867072,0
1208,1656026023027265539,1
1209,1656030334192869382,1
1210,1656049798011666439,1
1211,1656081068909363201,0
1212,1644021206079664133,0
1213,1656068305336057856,1
1214,1656083802383589376,0
1215,1623551151110258691,0
1216,1655778192353796097,0
1217,1612900891949932566,0
1218,1536875095624503296,0
1219,1656081487886954496,0
1220,1654278758319243264,1
1221,1655963690511003656,1
1222,1592483521230405634,1
1223,1632582014573445120,0
1224,1654541879063592963,0
1225,1654152404898553859,0
1226,1481339964658958338,1
1227,1655401709290635265,1
1228,1565753674617470976,0
1229,1590015051871977473,0
1230,1656081497307095043,0
1231,1656083493896740864,1
1232,1655734547143618561,0
1233,1656085149916749825,1
1234,1627560310860132352,1
1235,1654773397296152577,0
1236,1506315828865773582,0
1237,1656080984750555137,0
1238,1656076464289136640,1
1239,1656085958578634756,1
1240,1590548943343341573,0
1241,1656081567343599622,1
1242,1656078352560562178,1
1243,1516760109459902464,0
1244,1656085632475693062,1
1245,1513694317101162505,0
1246,1621230772379058180,0
1247,1584972965070131200,1
1248,1656078955852578818,1
1249,1524852062982311936,0
1250,1656082790830551040,0
1251,1656086283008069632,1
1252,1656082550509522944,1
1253,1644527894780317697,0
1254,1656086435584253952,1
1255,1656036903441842199,1
1256,1557832703906648075,0
1257,1495034481337675782,0
1258,1656030650594459648,1
1259,1626436717841629185,1
1260,1656073800641921024,1
1261,1656054318649204737,1
1262,1632855478618423297,0
1263,1610441619114786819,1
1264,1496921871127760922,0
1265,1656084857565446145,1
1266,1656077568368312320,1
1267,1656006993335787524,1
1268,1656083971266977792,1
1269,1656083263541182464,0
1270,1656047816232321024,1
1271,1620748394053644288,1
1272,1599910188731060224,0
1273,1656013618448592896,1
1274,1656078594446172161,1
1275,1641138324621651968,0
1276,1651176885064433664,0
1277,1587789401194569728,0
1278,1654461260262408195,1
1279,1640247487297454083,0
1280,1656083193370386434,1
1281,1656060988326543368,1
1282,1568336724887224320,0
1283,1656085235992498176,1
1284,1656067245099950082,1
1285,1514763358003732488,0
1286,1523288137061257216,0
1287,1656050643591892993,1
1288,1656085660279930881,1
1289,1487265222217797634,0
1290,1654514330426134528,1
1291,1587178342725271552,1
1292,1656083528788987904,0
1293,1575119202624716800,1
1294,1654806548395487234,0
1295,1647960899058126853,0
1296,1656085467316760577,1
1297,1656084098811858944,1
1298,1486526805007867910,0
1299,1656085957349892096,1
1300,1656079851604852736,0
1301,1534796961504579584,0
1302,1559674670571556865,0
1303,1656084679722713088,1
1304,1576863826271666181,0
1305,1613258892049371136,0
1306,1552868629061898240,0
1307,1626575036550197249,0
1308,1656073421514579969,1
1309,1656084982862086144,1
1310,1647555875211730944,0
1311,1656037841284083714,1
1312,1607804539339694080,0
1313,1594485397731815426,0
1314,1561819099310718977,0
1315,1648051297675882496,1
1316,1649942194806030337,1
1317,1656078572757434371,1
1318,1639431914691117056,0
1319,1527396913989001218,0
1320,1478376840855228416,1
1321,1656085886851842048,1
1322,1588665737975017472,0
1323,1656015871897137154,1
1324,1505917962661859332,1
1325,1656081706099818496,0
1326,1656086451845570565,0
1327,1656085560082026497,1
1328,1612561651114598400,1
1329,1656084082810314753,1
1330,1656061237552136193,1
1331,1656077900595036160,1
1332,1655338571237318656,0
1333,1478257114380439562,0
1334,1539588669769752578,1
1335,1650133096061353984,1
1336,1656086580438745094,1
1337,1656067996559785984,1
1338,1622943679706025984,0
1339,1632594656713228288,0
1340,1656085525487288320,0
1341,1656086636319641602,1
1342,1656081284836524032,1
1343,1656085860360810497,1
1344,1656080342015410177,1
1345,1561621762944663552,0
1346,1618353026560921600,0
1347,1656085236696985601,0
1348,1656016396529049600,1
1349,1655891745153114112,0
1350,1601662776929550336,1
1351,1578572881281572864,0
1352,1654515247850438656,1
1353,1656085425033736192,1
1354,1575556272900177921,0
1355,1656077415444250625,1
1356,1651575926151602178,0
1357,1656085618697416706,1
1358,1574533808204152832,1
1359,1616569569333633026,0
1360,1656068548362420224,1
1361,1656035002507771925,0
1362,1656086150593880065,1
1363,1656086265115099140,1
1364,1643055546197753858,0
1365,1578501099707076608,0
1366,1655756586537861120,0
1367,1656085471741501442,1
1368,1549361351843348480,0
1369,1631250797756309507,0
1370,1514323786971201537,0
1371,1560356036602650626,0
1372,1504865000372027394,1
1373,1608133211627966466,0
1374,1656082416329699328,0
1375,1656051941019906053,1
1376,1656074430827700224,1
1377,1594750421947469824,0
1378,1656079271595761664,0
1379,1530280694076674049,0
1380,1656082603458404353,0
1381,1656085627954429952,1
1382,1491713605137571840,0
1383,1620185809734324224,0
1384,1561907064083038208,1
1385,1524444394023231488,0
1386,1573956358633918464,0
1387,1656085201838280706,1
1388,1656085926907457538,0
1389,1656083577497600001,0
1390,1656085723156496384,1
1391,1656034705517494287,1
1392,1602367060344188928,0
1393,1586821246993457155,1
1394,1654921555577536513,0
1395,1656085884712914944,0
1396,1633996451746394113,0
1397,1577981978346921986,0
1398,1623918414497710080,0
1399,1656085394625122308,1
1400,1555622748139012097,1
1401,1656083525815218178,0
1402,1656052149418115074,1
1403,1532725581690945537,0
1404,1656079887537516545,0
1405,1654872341317316613,0
1406,1607500313208184832,1
1407,1655150759338725379,0
1408,1618646841607979018,0
1409,1562543598486573056,0
1410,1656083321338888192,0
1411,1656079788153470977,0
1412,1656085367513120770,1
1413,1656084918915432454,1
1414,1656083908033671168,0
1415,1656086504798576640,1
1416,1489278062466265089,0
1417,1627878327473274880,0
1418,1640884626985222144,0
1419,1620199814263611392,0
1420,1646605020190724106,1
1421,1632002959629332483,0
1422,1634725431583862785,0
1423,1521492278233206790,0
1424,1656080631388946433,0
1425,1655630855216193564,1
1426,1654701902964346880,0
1427,1656086491880206338,1
1428,1656073444931297280,1
1429,1642109231951380481,0
1430,1521246447160774657,0
1431,1656085296805736448,1
1432,1572385904119152641,0
1433,1654100361593098242,1
1434,1656085175976046598,0
1435,1654514350663823361,0
1436,1656085259379781634,1
1437,1656085005532033024,1
1438,1653355608375009280,0
1439,1654557999040712704,0
1440,1656067811477962752,1
1441,1656041984614645764,1
1442,1557045909699051520,0
1443,1651262856510296065,0
1444,1599666720284852224,0
1445,1656085310718070784,1
1446,1504768014587428865,0
1447,1656070432922177537,1
1448,1656036303237165056,1
1449,1656074183359569921,1
1450,1654836705537687552,0
1451,1592696732168736769,0
1452,1654605698578382848,0
1453,1656062312959074306,1
1454,1655940337913987092,0
1455,1624532125352443904,0
1456,1608360025315069952,0
1457,1636597421785645056,0
1458,1611370761897365507,0
1459,1477796840804343808,1
1460,1656080307852914688,1
1461,1648885850707726338,0
1462,1651656899069378560,1
1463,1656085056224481284,1
1464,1656082715563655169,0
1465,1656085965436248066,0
1466,1656067895950974979,1
1467,1610260302842499077,1
1468,1655974318583447565,1
1469,1594021934676574208,0
1470,1656085197274636288,0
1471,1617464953912410112,0
1472,1656086028585775106,1
1473,1487272482172280833,1
1474,1644806806420455424,1
1475,1627451743742095363,1
1476,1639225785847533569,0
1477,1499455267414630403,0
1478,1656078181785382913,1
1479,1630702716845522946,0
1480,1656079760114475009,0
1481,1656085557427027968,1
1482,1648090345337397249,1
1483,1578024568589275141,0
1484,1580467457080274944,0
1485,1656075569929281539,1
1486,1605297254117658672,0
1487,1614579117415882752,1
1488,1615827590828236803,0
1489,1656016885861818372,1
1490,1618313945311240204,0
1491,1485961903763431426,0
1492,1656083051884199937,1
1493,1616874787963539458,0
1494,1656084855195856896,1
1495,1656080340937592833,0
1496,1656086617193435136,1
1497,1577251745050218499,0
1498,1656041578715070486,1
1499,1575306328096088064,1
1500,1656086201143644160,0
1501,1647336526454423553,0
1502,1656086563443429378,1
1503,1656085581674479616,1
1504,1628880162254364674,1
1505,1656079030179725319,1
1506,1655228960433901568,0
1507,1656086170336387074,1
1508,1573363228322648064,0
1509,1655451500439650305,0
1510,1519029803566911488,0
1511,1647571019882717184,0
1512,1656085060221644800,1
1513,1655699370308763648,0
1514,1654888771563683842,0
1515,1656084751751557122,1
1516,1622118441850228737,0
1517,1553161829370789889,0
1518,1656085547394138112,0
1519,1583295807654350848,0
1520,1479013262788284420,0
1521,1650552719667605521,0
1522,1608102863590363137,1
1523,1628207468101640192,0
1524,1656085448341733376,1
1525,1656084805656641538,1
1526,1650211870089904129,1
1527,1656018322436292609,1
1528,1588607614803668992,0
1529,1519800443555266562,1
1530,1656085268309450753,1
1531,1655053131066265601,0
1532,1480775212455145474,0
1533,1656084689029939200,1
1534,1656018579609853954,1
1535,1533910350218809346,0
1536,1656011153104044032,1
1537,1656045237536473114,1
1538,1643678975217266689,0
1539,1652940037909106688,1
1540,1549301189744807936,0
1541,1612417042136571906,0
1542,1635327076063645696,0
1543,1648457293678379011,0
1544,1542281894372540417,0
1545,1642429582870495232,0
1546,1656060141375045632,1
1547,1656072576559456256,1
1548,1608674417952886784,0
1549,1592803502526324736,0
1550,1656086077340540928,1
1551,1656017609706606592,1
1552,1497927709917204483,0
1553,1656083922068049923,0
1554,1621220383830466562,0
1555,1656085390531461126,1
1556,1655984149721907201,0
1557,1656085703250305025,1
1558,1630423497020264454,0
1559,1656085865129725954,0
1560,1605863240575209472,0
1561,1613583682824196096,0
1562,1656026019915255808,1
1563,1613339982286159872,0
1564,1651104863139315714,0
1565,1656030325657485319,1
1566,1656079428131373056,0
1567,1557899460465811456,1
1568,1651154846051958785,1
1569,1654536889305554945,0
1570,1650845613343244288,0
1571,1486032672195588100,1
1572,1656086307444072453,1
1573,1617521401988263938,1
1574,1656084784479875072,1
1575,1656037336944132104,1
1576,1656049561427668992,1
1577,1656084017786003459,1
1578,1651262589224075283,0
1579,1492196691117752324,0
1580,1656083805759848451,0
1581,1656085328845852673,1
1582,1656066801866883079,1
1583,1621849830459842560,0
1584,1656085916518174720,0
1585,1656052512171134978,0
1586,1656083046477578242,0
1587,1656081559345061890,0
1588,1656086410418438144,1
1589,1656084052410003459,0
1590,1656036121665753088,1
1591,1656014290200010773,1
1592,1494205724141961221,0
1593,1656065200020127744,1
1594,1651895178746114050,1
1595,1593379952699015173,0
1596,1656071283958751233,1
1597,1656081498913554432,0
1598,1656083165339852802,0
1599,1620718171496878080,0
1600,1656086576697319427,1
1601,1512205016286736406,0
1602,1652313716480679936,1
1603,1656080884057948160,0
1604,1634386931713703937,1
1605,1620385789640323072,0
1606,1656068203095703552,1
1607,1562389000815423489,0
1608,1656067448825602050,1
1609,1656060162015219718,1
1610,1656086149620985856,1
1611,1656076555276238852,1
1612,1547638790378123264,0
1613,1519036088408489985,1
1614,1636210468846022658,1
1615,1624302073666756608,1
1616,1634841867807252480,0
1617,1656084656620736512,0
1618,1617606849267912704,0
1619,1654536245958135809,0
1620,1629448934207762435,0
1621,1656078442704560128,1
1622,1651007718227050496,0
1623,1656085830744653831,0
1624,1656074462520020992,1
1625,1592948266874081281,0
1626,1656040135065235456,1
1627,1656081819329019905,1
1628,1653631165402861568,0
1629,1598021545632313350,0
1630,1656085951200854019,1
1631,1655022651579015168,0
1632,1656028754022473736,1
1633,1635929922140094467,0
1634,1656086080741945346,0
1635,1656080628465516545,0
1636,1655350005090209792,0
1637,1656086530010624000,1
1638,1567245262275629056,0
1639,1656081389421228038,0
1640,1561626240716529664,0
1641,1644403477202837520,0
1642,1656086259096330243,1
1643,1610440930913304576,0
1644,1646215340521668608,0
1645,1656068478179180548,1
1646,1656064785862254593,1
1647,1625827514923851776,0
1648,1621503059649261569,0
1649,1656085299343097856,1
1650,1656010520053383168,1
1651,1596220143381934080,0
1652,1609064325423013888,1
1653,1645813308270804994,0
1654,1487727425849106432,0
1655,1656080572773552129,1
1656,1562760757695025154,0
1657,1656074906143014913,1
1658,1574977441344671744,1
1659,1654411682502828032,1
1660,1656076178258526209,1
1661,1577086667986702336,1
1662,1656086539368120322,1
1663,1654751982228500481,0
1664,1656047504314515474,1
1665,1656085285564829696,0
1666,1656075538463707136,1
1667,1650248836089094146,0
1668,1643510074244214784,0
1669,1656080023198261248,0
1670,1656085593900580865,1
1671,1656086236002435074,0
1672,1573457630445568006,1
1673,1579904648882049025,0
1674,1563388121592786946,0
1675,1656086364549533696,0
1676,1581036460278284289,0
1677,1656086061108404226,1
1678,1656084651268513793,1
1679,1601004091970396166,0
1680,1589752903878647808,0
1681,1576841597349613568,0
1682,1656081996869926913,0
1683,1506354292520759297,0
1684,1656080046170456064,0
1685,1656075327699931139,1
1686,1656025530246807558,1
1687,1595203804177178626,0
1688,1600161052385316868,0
1689,1601546072568041472,0
1690,1656019345116471302,1
1691,1656079919519023107,0
1692,1626516296476008449,0
1693,1655602985857064960,0
1694,1656040386043756546,1
1695,1601384302901854210,1
1696,1656084956228059137,1
1697,1569998534794952704,1
1698,1635306078786445312,0
1699,1594187309942980609,1
1700,1656018115656925184,1
1701,1531167299901788162,0
1702,1656084330895245312,0
1703,1656041466689404959,1
1704,1654561522796965889,0
1705,1656076251629486080,1
1706,1656080323216588804,0
1707,1656056117057683458,1
1708,1585358966288224275,0
1709,1656085916547678208,1
1710,1650186483469279238,1
1711,1656079288544706561,0
1712,1656073478401929219,1
1713,1656060189001363456,1
1714,1539713262455062530,0
1715,1648491658353459201,0
1716,1654730311987593216,0
1717,1656074193421897728,1
1718,1633786457704857604,0
1719,1656045819697479689,1
1720,1656084311639031809,0
1721,1656086295108796416,1
1722,1656071578541539328,1
1723,1579983527806128129,0
1724,1656086490064068609,1
1725,1656072842817986560,1
1726,1647241116436033539,0
1727,1656082196573061120,1
1728,1655820532342816768,0
1729,1656074249700876289,1
1730,1656048507004899328,1
1731,1587182249614753793,1
1732,1572964381163491332,0
1733,1656084472465326083,1
1734,1570481597731803136,1
1735,1587213952748068866,0
1736,1615829763607732253,0
1737,1656082644352876546,0
1738,1656085635722014721,1
1739,1656086248157528066,1
1740,1656086620569841665,1
1741,1510058169493430274,1
1742,1536711269021110277,0
1743,1656080155243352064,0
1744,1480633350486384640,1
1745,1656077203287752712,1
1746,1656074143584903171,1
1747,1656082782618103808,0
1748,1542724047095492608,0
1749,1656025298817695758,1
1750,1557824971581165568,0
1751,1656079657727557632,1
1752,1656070331390644224,1
1753,1651655373604921345,1
1754,1591885793597030401,0
1755,1656084821330862081,1
1756,1650578155030159360,1
1757,1656085063170408449,1
1758,1656084702854258688,1
1759,1650939164383379457,0
1760,1656080699663761408,0
1761,1539018254487797762,0
1762,1656082564656910341,1
1763,1656086410678476805,1
1764,1656081273050341377,0
1765,1656010945041436673,1
1766,1649286173569830912,0
1767,1656085621142855680,0
1768,1515014090950905865,0
1769,1611417071820353536,0
1770,1652023784084258831,0
1771,1656044325879332889,1
1772,1568438929392558085,1
1773,1646883267206086657,0
1774,1509191429880430600,0
1775,1646315681984524288,0
1776,1656072071418462216,1
1777,1656080809411895298,0
1778,1537643698867294209,0
1779,1656085429630947329,1
1780,1655017352969302016,0
1781,1656079793002037248,0
1782,1656082367579037696,0
1783,1656011513587539980,1
1784,1656052410014482433,1
1785,1576388010853048321,1
1786,1656072992319758340,1
1787,1655608381649084416,0
1788,1628805147957596162,0
1789,1630610382027890688,0
1790,1547539667981021186,0
1791,1582470594536570884,1
1792,1656086606397448193,1
1793,1535588222146908160,0
1794,1594733611533873153,0
1795,1564109509920002048,0
1796,1654412805364129793,0
1797,1653900520573239296,1
1798,1598105758096576512,0
1799,1647713296647168005,1
1800,1656059529912524804,1
1801,1656016730211196943,1
1802,1656040537722372116,1
1803,1656033437059534848,1
1804,1656075148087246848,1
1805,1655644732800786458,0
1806,1629118951660695556,0
1807,1574763926071418881,0
1808,1641107005795450882,0
1809,1656023172897214465,1
1810,1632731557214531587,0
1811,1614197641805717504,0
1812,1656074321045979136,1
1813,1656021113686700032,1
1814,1631565173398839298,0
1815,1569023964365594624,1
1816,1656039151626534916,1
1817,1656081456781836288,0
1818,1594437811322916864,1
1819,1608057875292917762,0
1820,1563246204787761152,1
1821,1656084773473861634,1
1822,1656079119023591426,1
1823,1537475963465908225,1
1824,1656017460372586497,1
1825,1656068700477202432,1
1826,1551236097736417282,0
1827,1656086438608351238,1
1828,1656021534543159304,1
1829,1656046963954171905,1
1830,1656080006135545862,1
1831,1655989299580649472,0
1832,1523929828788948993,1
1833,1656084655882289154,1
1834,1568679303348363266,1
1835,1607677953261064193,0
1836,1565864647378477056,0
1837,1656085033717993473,1
1838,1632290986251415553,0
1839,1573041419475976195,1
1840,1503754302183161858,0
1841,1655613274543763457,0
1842,1656082989200343041,1
1843,1581080583832469504,0
1844,1656017360527007762,1
1845,1576209379053166592,1
1846,1656022814221291521,1
1847,1653143568742236162,0
1848,1656086436657995776,1
1849,1545133550365712384,0
1850,1543097144982265857,0
1851,1656022143962947594,0
1852,1620407088827756544,0
1853,1602792914232709120,0
1854,1656085409024147456,1
1855,1623435870253752323,1
1856,1538080868492840961,0
1857,1483097095930265602,0
1858,1566127174146473985,1
1859,1520084185599328256,0
1860,1656085042563780610,1
1861,1654252186627366913,0
1862,1656016771210518566,1
1863,1656079920550797312,0
1864,1575488644428668929,0
1865,1656073777107574785,1
1866,1591130667684855824,0
1867,1655531790201675779,0
1868,1656070740502872065,1
1869,1638339022111260672,1
1870,1654925961018654721,1
1871,1491175792810029057,1
1872,1599791770031820800,1
1873,1649856551673376768,0
1874,1653073544203612161,0
1875,1656031585722941442,1
1876,1567957988652232704,1
1877,1656044621053702177,1
1878,1656080192887037954,0
1879,1654180682724265994,0
1880,1655971688994189312,0
1881,1625901389770801152,0
1882,1656071563639242752,1
1883,1656086562101133312,1
1884,1656085894317654018,1
1885,1644846610948431874,0
1886,1611857483454193676,0
1887,1656073981290598400,1
1888,1656070024505729024,1
1889,1537768376126554113,0
1890,1615354927592755200,0
1891,1619736245093167107,0
1892,1656085398047555585,1
1893,1649065654564298752,0
1894,1656083126089547777,1
1895,1656026343413366784,1
1896,1656070346444009473,1
1897,1576002874936799232,1
1898,1499002888613412864,0
1899,1656085109471162369,1
1900,1656081838471798790,0
1901,1540457730665848832,0
1902,1656085329131233285,1
1903,1597620283023970304,0
1904,1656065722173227010,1
1905,1656085503563661312,1
1906,1656009509662527488,1
1907,1656076849821122560,1
1908,1656085608295440384,1
1909,1656086587350872065,1
1910,1586178781085327360,0
1911,1521168059968499714,0
1912,1656083239747080193,0
1913,1576181884375027713,0
1914,1656074399890698244,1
1915,1656082537431834624,0
1916,1656084922954657794,0
1917,1656085340405350401,1
1918,1656081674038398979,0
1919,1656085132044824580,1
1920,1511782900018130952,0
1921,1656047354833715206,1
1922,1526545554079387649,0
1923,1649506406754660353,0
1924,1656083830342598656,0
1925,1647121882351804418,0
1926,1577352348166344704,1
1927,1656085370449043462,1
1928,1656085719503216640,1
1929,1656083653192212482,0
1930,1656085342817058816,1
1931,1644112867627618304,0
1932,1617862309275406336,0
1933,1656012477849641017,1
1934,1656085386500923394,1
1935,1616204521427898375,0
1936,1497234101551738889,0
1937,1656086501611167744,1
1938,1630843453847351296,0
1939,1601568976186011648,1
1940,1643682090620182528,1
1941,1642760853496958976,0
1942,1656081249612742657,0
1943,1622874054096027650,0
1944,1656084680553234435,1
1945,1656014976748863488,1
1946,1656063564979879941,1
1947,1575452676548075521,1
1948,1656073421900374016,1
1949,1590080689218949122,1
1950,1654856789521735681,0
1951,1656085374211325952,1
1952,1656074114996613129,1
1953,1656021070254862336,1
1954,1656085370432376833,1
1955,1559674099370143744,1
1956,1564429582371274752,0
1957,1656084318802911232,0
1958,1646857600871571462,0
1959,1586077893901549568,0
1960,1564266648609386499,0
1961,1523340709583290369,0
1962,1656045902870528018,1
1963,1648787563706998784,0
1964,1656085927805038595,0
1965,1500204917939748864,0
1966,1597365033469710343,0
1967,1656040733546037255,1
1968,1551980181312548864,0
1969,1656076031437033476,1
1970,1656084809737818115,1
1971,1500675994503761923,0
1972,1656079663649652737,1
1973,1656068865967751170,1
1974,1656030045398237185,1
1975,1656027393381810178,1
1976,1651242198363435010,1
1977,1637135273896157186,0
1978,1655348595028025344,0
1979,1578144827690057729,0
1980,1656082988961083392,0
1981,1656066081285390337,1
1982,1558433380420796418,0
1983,1548259468130996228,0
1984,1568314205844938758,1
1985,1656040389931876379,1
1986,1485315997087244294,0
1987,1656063633397366784,1
1988,1656070695875407872,0
1989,1656079386863362048,0
1990,1648945736111759360,1
1991,1656019690416734208,1
1992,1486364484314800134,0
1993,1633833743977947139,0
1994,1656084979556777984,1
1995,1656082265305219073,0
1996,1656014706501460016,1
1997,1656061749421039616,1
1998,1579663867910946817,0
1999,1656070440211607552,1
2000,1655780050875334658,0
2001,1656083850848796672,1
2002,1656084801252630531,1
2003,1656083616697315329,0
2004,1656078699710631938,1
2005,1656085838722203648,0
2006,1503371493253783556,0
2007,1578044896748994561,0
2008,1656076684016201735,1
2009,1633567294977654786,0
2010,1574507836213633024,1
2011,1656082672848977920,0
2012,1599620487717363713,0
2013,1656071576305975301,1
2014,1601972615236796424,0
2015,1621176672664829952,0
2016,1549126655624548355,0
2017,1493370595135873026,0
2018,1656084830222798848,0
2019,1656079973613019136,1
2020,1645630545668239367,0
2021,1574568507609468928,1
2022,1623302396204969985,0
2023,1656085806954557441,1
2024,1656068162931281929,1
2025,1655876414627803141,0
2026,1653867188984455171,0
2027,1656082823411912707,0
2028,1656066407644426240,1
2029,1568463442130137088,1
2030,1504212271836323840,0
2031,1656086516077326337,0
2032,1525033995511078912,0
2033,1656012966926360584,1
2034,1656085617145696260,1
2035,1656085877318090756,1
2036,1590339689369800704,0
2037,1598479200952143872,0
2038,1656085114705543170,0
2039,1605644868105035776,1
2040,1656081870327541760,0
2041,1656086102313168898,1
2042,1656082471900037120,1
2043,1593445177024192513,0
2044,1562832309149376512,0
2045,1656083669319073794,0
2046,1618701755113668610,0
2047,1603695202316816386,1
2048,1598324195481604097,0
2049,1656086054309437440,0
2050,1574593589698768897,0
2051,1656082641911783427,0
2052,1648673678631096320,0
2053,1656075976072126464,1
2054,1656080049055973378,0
2055,1647964270221750272,0
2056,1656083550150746113,1
2057,1563386115230674944,0
2058,1656032586500587522,1
2059,1646775911008858123,1
2060,1602906660854726658,0
2061,1656011353348354048,1
2062,1656009053943005185,1
2063,1654235776509411329,1
2064,1648086148646944769,1
2065,1518728224410415105,1
2066,1551099255946764289,0
2067,1656084921411067909,1
2068,1604195868915154951,0
2069,1516485353737269251,0
2070,1647139769569214464,1
2071,1505992941474664448,0
2072,1604946684752297984,0
2073,1656084307897913345,1
2074,1605327187292614656,0
2075,1656013832123465728,1
2076,1542633404595945472,1
2077,1627565479605977089,0
2078,1634698449114345474,0
2079,1650569452688375808,1
2080,1656069882461450241,1
2081,1656080094455271425,1
2082,1656080158380441600,1
2083,1656015056881033221,1
2084,1655968585016303626,0
2085,1656029779177480194,1
2086,1560685034725462019,0
2087,1656084153123872768,0
2088,1563038630574424064,0
2089,1656014107944841216,1
2090,1656086367682609153,1
2091,1631278410717708289,1
2092,1630969439683330049,1
2093,1538301999195750400,0
2094,1656054858561081348,1
2095,1656081048323739652,1
2096,1587929391157637121,0
2097,1564363791856459779,0
2098,1656081538826612737,0
2099,1654240227542843392,1
2100,1655762860289425409,1
2101,1656086492513550337,1
2102,1654855560292974595,1
2103,1575210211635101696,1
2104,1656081242562109440,1
2105,1574928394118057984,1
2106,1656064251172192259,1
2107,1586417603265925120,0
2108,1655339895408271361,0
2109,1656086163780665344,1
2110,1656085513214779392,1
2111,1656006697725378560,1
2112,1656070424604688385,1
2113,1655877433940164610,0
2114,1656079002723860480,0
2115,1656084952763764737,1
2116,1575299859757862913,1
2117,1572339145800056833,0
2118,1622620937408622592,0
2119,1627057877218398209,0
2120,1613061834176860160,0
2121,1489689194779660289,0
2122,1656010749347504129,1
2123,1654524207659720704,1
2124,1656080697411481600,0
2125,1656010833300983808,1
2126,1586177492435423233,0
2127,1564587484704653312,0
2128,1593739216965361664,0
2129,1656080240324509701,1
2130,1654531985522544641,1
2131,1656084800950681600,1
2132,1655587852137160708,0
2133,1656085533729378304,1
2134,1656086292105502722,1
2135,1656078391328534532,1
2136,1570054825618083841,0
2137,1563806992942129152,1
2138,1656019216850460695,1
2139,1654808222103126018,0
2140,1656085973267038210,1
2141,1531741441306906627,0
2142,1575654021423063042,0
2143,1656080633796390914,0
2144,1598839828421935107,1
2145,1596519780717973506,0
2146,1656085206984544256,1
2147,1651910225165709313,1
2148,1656083093005144064,0
2149,1656079971268325376,0
2150,1580562669626851328,0
2151,1656085924634329089,1
2152,1509865758343548966,0
2153,1613808599096070144,0
2154,1656085687353892866,1
2155,1656063473879773185,1
2156,1625910368332656656,0
2157,1568278747077279747,1
2158,1656084232609976320,0
2159,1656085742295085057,1
2160,1656085916509696000,0
2161,1561388745906987008,1
2162,1656074459881644032,1
2163,1577358235778285568,0
2164,1646187815078854656,0
2165,1525749354396622856,0
2166,1650849155806556161,1
2167,1628331100962529281,0
2168,1656079330504581121,0
2169,1636944589524172800,1
2170,1609632672887803906,0
2171,1575224133511942144,1
2172,1537864485310013441,1
2173,1492782402510499842,0
2174,1656085767473573888,0
2175,1590473289717420032,0
2176,1656086437010329602,1
2177,1643513573799505925,0
2178,1656081190481432576,1
2179,1643992426535874560,0
2180,1656086608225918976,1
2181,1591918622313963522,0
2182,1648607909683638272,0
2183,1656084704196689921,1
2184,1656080482096824321,1
2185,1550465533752971269,0
2186,1631273197751418880,1
2187,1581065749413920768,0
2188,1577222924057989120,0
2189,1655809590641184771,0
2190,1656086528508981252,1
2191,1593742113895845892,1
2192,1569120359064150017,1
2193,1656086178330705921,0
2194,1578243699699580929,0
2195,1619058068507230208,0
2196,1602373411564621825,1
2197,1656080230639980544,0
2198,1555567049195151360,0
2199,1656082533249871873,1
2200,1656057636939505665,1
2201,1524841326021181440,0
2202,1656086123125559298,1
2203,1656031418420707328,1
2204,1655911961421291521,1
2205,1500972071148527618,0
2206,1648024220448743424,1
2207,1656034601079324679,1
2208,1654346601610240000,1
2209,1633951426136375296,0
2210,1648692835523371008,1
2211,1549862964806680576,0
2212,1610523336995647489,0
2213,1656078364946452489,1
2214,1616433344157212675,1
2215,1656030340714995712,1
2216,1610999705521078275,0
2217,1621984967923466240,0
2218,1621797925482381313,0
2219,1656080055867682816,0
2220,1644461824124030976,0
2221,1479443476316147723,0
2222,1556550789379739648,0
2223,1572373483111186434,0
2224,1605819829331574784,0
2225,1656079804100214784,0
2226,1656086358807691265,1
2227,1656085106040135680,1
2228,1656083695386648576,0
2229,1503196371020570625,1
2230,1655828450941214720,0
2231,1656075407152611332,1
2232,1656070824523169792,1
2233,1656084526135648258,0
2234,1656082986641530880,0
2235,1656080256170590210,0
2236,1627016278522343425,0
2237,1656080634291314689,0
2238,1656083537739612160,0
2239,1656073180480512001,1
2240,1656082430548234241,1
2241,1487111327998898176,0
2242,1656085077418188800,1
2243,1656084941246013441,1
2244,1656079612995342336,0
2245,1654193518129172490,0
2246,1573083157729087489,0
2247,1656078990099054592,0
2248,1585387041147133952,0
2249,1656085993349578753,1
2250,1632069745280446466,1
2251,1649013139823017984,0
2252,1619026736414617600,0
2253,1655190717394739201,1
2254,1655826407161999360,0
2255,1656075455450202112,1
2256,1656083399952547841,1
2257,1656081442517155841,0
2258,1656070648815288320,1
2259,1574044207018561536,0
2260,1512377052061569025,0
2261,1656086313844592642,1
2262,1622144245401526272,0
2263,1656085012222029825,1
2264,1656079707748851712,1
2265,1612526519204601899,0
2266,1656080880404684800,0
2267,1585797683645759488,0
2268,1655817299516067841,0
2269,1569026177351782411,1
2270,1656068047742836736,1
2271,1656074396115640324,1
2272,1547540937932513282,0
2273,1656086381725364224,1
2274,1656032024082120707,1
2275,1656071856829480962,1
2276,1601826694171697152,0
2277,1612763498743726088,0
2278,1656070073683984384,1
2279,1656081520703025153,1
2280,1656086508493840384,0
2281,1623095634289909762,0
2282,1656085108649234432,1
2283,1656079347294564352,0
2284,1656040652663078937,1
2285,1520772563399499779,0
2286,1647712049709948930,0
2287,1621746489625317376,0
2288,1520075754893160448,0
2289,1599851475684818944,1
2290,1646485718871539713,1
2291,1593752093185245186,0
2292,1597615253944401922,0
2293,1655683010703036416,0
2294,1574880777380175891,1
2295,1626656832155488286,0
2296,1609871057246117889,0
2297,1656084970429882368,0
2298,1537821638825328641,0
2299,1656078194280222720,1
2300,1656085707348115459,1
2301,1656080934628904960,0
2302,1655361412326215682,1
2303,1656079524197531649,0
2304,1656085647273373697,1
2305,1655641315944857600,0
2306,1640370097515790336,0
2307,1568314861519794178,1
2308,1652184937003646976,0
2309,1647204029557030912,0
2310,1656082492099637251,0
2311,1631955681875218434,0
2312,1656036100454903809,1
2313,1492535227402448898,0
2314,1617664482653925378,1
2315,1656086445176795136,1
2316,1569280342246178817,0
2317,1656085721629986816,1
2318,1656040099899899904,1
2319,1651371911463702530,1
2320,1582953470922919936,1
2321,1656084567185412096,0
2322,1656060153962086402,1
2323,1655599738727612418,1
2324,1580472166818385921,0
2325,1656070006818627584,1
2326,1656048666883358721,1
2327,1656083378645417984,0
2328,1642988047343190017,0
2329,1647525434182053889,0
2330,1600510677696880648,1
2331,1656085665543598081,1
2332,1656080349821128704,1
2333,1656085468440657922,1
2334,1656085252539056128,1
2335,1656059775350710274,1
2336,1655836151469441024,0
2337,1655964873686171648,0
2338,1656085569087377408,1
2339,1656061356460630016,1
2340,1579714612844326913,0
2341,1656081732439769089,1
2342,1656083699346165760,0
2343,1656071356843261952,1
2344,1651331820053577737,0
2345,1656085589593145345,1
2346,1599356398327934976,0
2347,1631732564271722497,0
2348,1653592769812676608,0
2349,1571916617679835139,1
2350,1655966656038854659,0
2351,1656011388991545369,1
2352,1656084989405003776,1
2353,1616684236223795201,0
2354,1600364557947777024,1
2355,1656082194773819398,1
2356,1585000450415271952,0
2357,1655294498237186049,0
2358,1652340822908575746,0
2359,1632034719943520256,1
2360,1494909625124089856,0
2361,1592171445920079873,0
2362,1654288008898830338,0
2363,1654541548451667969,0
2364,1656019130728816889,1
2365,1656085978321387520,1
2366,1623713723788496898,0
2367,1656026242427043853,1
2368,1639695302289506307,0
2369,1656009303893975049,1
2370,1541268490107387905,0
2371,1656073643078860800,1
2372,1484070007134986243,1
2373,1656081775343415297,0
2374,1656085866119307271,1
2375,1637833897323970560,0
2376,1584440134606651392,0
2377,1582504972461445121,0
2378,1642276103447535616,1
2379,1579018222040678401,1
2380,1626552586890366977,0
2381,1656079691881631747,0
2382,1656085279168446465,0
2383,1644415199682732044,0
2384,1613777786459787265,0
2385,1637732696192430080,0
2386,1537584736419614720,0
2387,1563252324968984578,1
2388,1656069149351907328,0
2389,1623847479677427717,0
2390,1539664517436678144,0
2391,1656067646146715649,1
2392,1576107711220940801,0
2393,1656085348072538117,1
2394,1656084318421241856,0
2395,1506692754469916677,0
2396,1656038571390930944,1
2397,1656078563211190278,1
2398,1536683578062512128,0
2399,1656026140597796866,1
2400,1604108216652234752,0
2401,1610207852806934539,0
2402,1597503397053300736,0
2403,1656081049535889408,1
2404,1647574994459688963,0
2405,1649296420997042177,1
2406,1654841264154759168,0
2407,1575226106902622208,1
2408,1628838363229835265,0
2409,1580453552043933696,0
2410,1656072671434506240,1
2411,1560516828878688256,1
2412,1549423283308732418,0
2413,1639647745647550464,1
2414,1652149815558434816,0
2415,1656067991979823104,1
2416,1593348254112284672,0
2417,1641697143953006592,0
2418,1550848464275197953,0
2419,1656086075251601409,0
2420,1602636243497635841,0
2421,1571138153926512640,0
2422,1656085404150292480,0
2423,1534516388194549760,0
2424,1656085073836294146,0
2425,1631324264564490241,1
2426,1576032652301410306,0
2427,1656082836619755522,0
2428,1656055664752357380,1
2429,1656086415321575425,0
2430,1527019656694857732,0
2431,1656082750716387328,0
2432,1656084852674838529,1
2433,1656086174119735296,1
2434,1582357681222090752,0
2435,1656074771820593152,1
2436,1502299435958685704,0
2437,1632348324576759809,0
2438,1653746239102664706,0
2439,1625827843698556931,0
2440,1597489137111760902,0
2441,1636852057314574336,1
2442,1651640495473557504,0
2443,1655481089719169031,0
2444,1621525124934504448,1
2445,1656074420434214917,1
2446,1594360209291366400,0
2447,1656086172626563078,1
2448,1656084655420973057,1
2449,1656072334158049281,1
2450,1656078208100360192,1
2451,1651012030009073664,1
2452,1656085395598372865,1
2453,1598058546477690880,0
2454,1532052696219496448,0
2455,1656084366819479552,0
2456,1656085197958283264,1
2457,1656086350301470724,0
2458,1656086611233316866,1
2459,1655285901088690176,0
2460,1656011374026260480,1
2461,1621063266742206464,0
2462,1656086000769314818,1
2463,1656085099157553152,1
2464,1656086357658222592,1
2465,1653395614275899393,1
2466,1531160867915677696,0
2467,1564410250601541633,1
2468,1656080804370341891,0
2469,1601461953062309888,0
2470,1643845788454273024,1
2471,1656075919084355584,1
2472,1656083306293915648,1
2473,1656085833626025988,1
2474,1479185206057832457,0
2475,1656066626113134592,1
2476,1656040323137585173,1
2477,1570334546138112000,1
2478,1655961642969219073,0
2479,1656086361005346816,1
2480,1656085030832144386,1
2481,1656054470122373122,1
2482,1554544715906834433,0
2483,1488967519725625347,1
2484,1654316063407095808,0
2485,1656086474389962753,0
2486,1646287878522306561,1
2487,1517209606157574144,0
2488,1656076090056622082,1
2489,1644512691728584705,0
2490,1595757097832120321,0
2491,1656086375681376256,1
2492,1656080781356290049,0
2493,1580526462611836929,0
2494,1548682842913341442,0
2495,1655388629668098049,0
2496,1656083746078982144,1
2497,1643310432336113665,1
2498,1593355944498528257,0
2499,1521896951674925056,0
2500,1654804008467419140,0
2501,1598435173225451520,0
2502,1540201981624590338,0
2503,1656082073654816769,1
2504,1623179979080241152,0
2505,1617576066809466880,0
2506,1522935907569053697,0
2507,1557776663404052482,1
2508,1599781656734625793,0
2509,1656080406410559488,0
2510,1656078973804093440,0
2511,1655567159945482240,0
2512,1656084198099132423,1
2513,1653091696719151120,1
2514,1567313773177733122,1
2515,1656084131934269440,0
2516,1656086203173675017,0
2517,1645511170047057921,0
2518,1647776478518493184,1
2519,1656034145489829891,1
2520,1656045818753761311,1
2521,1656068101648023553,1
2522,1517971674213359616,0
2523,1577373535277928449,1
2524,1613659329848123420,0
2525,1543921095245320192,0
2526,1545421328492113920,0
2527,1591796783281328130,0
2528,1617414549006848004,0
2529,1656015626878558212,1
2530,1656079629441175552,0
2531,1645502280312004612,0
2532,1656086485978816513,0
2533,1568747626530766848,1
2534,1656080252995612672,0
2535,1554815819791704065,0
2536,1656066615585173504,1
2537,1656054072124874752,1
2538,1598795529550729216,0
2539,1560446729387778048,0
2540,1603449677718093824,0
2541,1656082367415549957,0
2542,1614671584433930246,0
2543,1656083625316868096,0
2544,1656084745766469632,1
2545,1656080723743477760,0
2546,1656085044774199297,1
2547,1656086463207952384,1
2548,1630575350643138562,1
2549,1652263656799731712,1
2550,1656086143752982529,1
2551,1603737275703123968,0
2552,1560746881839271937,1
2553,1506856468972281873,0
2554,1583184880170434560,0
2555,1656086151143235586,1
2556,1656047948839436297,1
2557,1656012594539372589,1
2558,1650210668019351552,1
2559,1632886045715976201,0
2560,1616745892341780480,1
2561,1655997738197164052,0
2562,1487495502946054148,1
2563,1617320268653006848,0
2564,1656082227166314496,0
2565,1656076898869362692,1
2566,1507572232771420161,0
2567,1656080980455866368,0
2568,1655282644920467457,0
2569,1656085865930584065,1
2570,1656086265987571712,1
2571,1579472401133318144,0
2572,1656030055636582403,1
2573,1536847053468442624,0
2574,1656085117692157952,0
2575,1622409606554341377,1
2576,1587910769563164672,0
2577,1651220605323079683,0
2578,1656086267057020931,1
2579,1565746877219442689,0
2580,1654970868219379712,0
2581,1656086009170345985,0
2582,1578357026190753793,0
2583,1656086049117044738,1
2584,1656080218765885441,0
2585,1656085939788054529,1
2586,1575470501572517889,1
2587,1656072049746477057,1
2588,1656082962960596992,0
2589,1656084915790700548,1
2590,1656085635923410949,1
2591,1654191764033490965,0
2592,1625477018384211973,0
2593,1656025157100552195,1
2594,1656086212019654656,1
2595,1526528715076775937,0
2596,1656067858047041541,1
2597,1656086567486881792,1
2598,1574302878277189632,0
2599,1656079009313173506,0
2600,1633474100222992386,0
2601,1492643012765261828,0
2602,1568276120285356032,1
2603,1656009342100066304,1
2604,1589106659762221058,0
2605,1656084168244334592,1
2606,1521195562896343041,0
2607,1603232149120884738,0
2608,1656086522473398272,0
2609,1569628742858805249,0
2610,1651326786918051846,0
2611,1656086160857341952,1
2612,1611435304237338641,1
2613,1656007604097646593,1
2614,1551218322699653120,0
2615,1656083981803167744,1
2616,1656067221922119681,1
2617,1656084654397480963,1
2618,1656086314083815425,1
2619,1653096586459725824,0
2620,1656054723701555200,1
2621,1656085092278710275,1
2622,1593087747266322433,0
2623,1602822273660076032,0
2624,1605679463265579008,0
2625,1568655247911919616,1
2626,1656082950012690432,0
2627,1557738380636459008,1
2628,1656015829253906432,1
2629,1538461315206770688,0
2630,1507402178926981129,0
2631,1656080439121944577,1
2632,1569328151355949058,1
2633,1656056187773759488,1
2634,1655768149935964160,0
2635,1656080406758785024,0
2636,1502073423744405508,0
2637,1655949636673368064,0
2638,1632629100731875328,0
2639,1536852880187133953,0
2640,1608289038183682049,1
2641,1598810179096961024,0
2642,1656082591190257665,0
2643,1503256897201205250,0
2644,1554174378853732356,0
2645,1491384936020025350,0
2646,1656055911662714884,1
2647,1656079803307421699,0
2648,1656072787113517058,1
2649,1511420510931984384,0
2650,1656072671124242432,1
2651,1656059364065656832,1
2652,1615628436717944834,0
2653,1594749270032543745,0
2654,1547526355922960384,0
2655,1582053868019781633,0
2656,1656084073440243714,0
2657,1581231546497130497,0
2658,1656013797365096508,1
2659,1493858718672637952,0
2660,1509296278664003590,0
2661,1513988983516237833,1
2662,1656086286900264961,1
2663,1496833539999817734,0
2664,1653452950227009536,1
2665,1577027594465476608,0
2666,1588508765649010694,0
2667,1656066734351171584,1
2668,1656081550453141507,0
2669,1656081847661518848,0
2670,1608705082463518720,0
2671,1568316065213722625,0
2672,1592314304006885376,1
2673,1656080922574491648,0
2674,1578501758803791872,0
2675,1600013046100860928,0
2676,1656085239914188802,1
2677,1656023071763963917,1
2678,1649047902013263873,1
2679,1656043302217719808,1
2680,1632043337480904704,0
2681,1656084124019601408,0
2682,1630002271915483138,0
2683,1645726230165979140,1
2684,1656054657414836224,1
2685,1632977291449073664,0
2686,1656074671975018500,1
2687,1656086096000827396,1
2688,1653109419083718672,0
2689,1656070231251464194,1
2690,1656085557447991298,1
2691,1627685031702413315,0
2692,1648118903334379520,0
2693,1496931494828417032,0
2694,1614224452845465605,0
2695,1652094170046124032,0
2696,1656024865571315739,1
2697,1512154701906812928,0
2698,1575496494475403270,1
2699,1575490683275685888,0
2700,1656080040931540994,0
2701,1536870026879418368,0
2702,1656086251525603330,1
2703,1483561739375595523,0
2704,1583043627898798080,0
2705,1646955759132098561,0
2706,1656025184808099846,1
2707,1656086004657160192,0
2708,1656085463848095744,0
2709,1521926576237015040,0
2710,1572311028935041024,0
2711,1646939193640091648,0
2712,1541801334001012736,0
2713,1656084630020448256,0
2714,1539647129030901760,0
2715,1656085016646934530,0
2716,1629691445966966785,0
2717,1656029178620174336,1
2718,1621164093536145411,0
2719,1656007680341987329,1
2720,1521485352065773569,0
2721,1584654649847603201,0
2722,1656051854944669700,1
2723,1480422426030665728,1
2724,1656086607500328962,0
2725,1596887321487765504,0
2726,1656068750985011203,1
2727,1656072513967759361,1
2728,1656066278929612800,1
2729,1629024355798712321,0
2730,1656058541361250305,1
2731,1654694404156796928,0
2732,1656079268235948032,0
2733,1656045590503931907,1
2734,1511535648569802752,1
2735,1656079152242475009,0
2736,1564229472140013568,0
2737,1627100687313272832,0
2738,1637881188051197961,0
2739,1656084858156859392,1
2740,1656086635493093378,1
2741,1646921357509410823,1
2742,1656008178541432832,1
2743,1564327331472228354,0
2744,1616530524662628354,0
2745,1656085501210763266,1
2746,1482008361235365889,0
2747,1656079361013866496,1
2748,1656082387636219905,0
2749,1589967643989389314,0
2750,1656085538259054597,0
2751,1656018367617040384,1
2752,1498955440633552898,0
2753,1571948743959916545,1
2754,1582232399613939713,0
2755,1656080674107928578,1
2756,1564597020094091265,1
2757,1656077140704612352,1
2758,1656081693692887041,1
2759,1545666181926977542,0
2760,1651826238229716992,1
2761,1624204067928174593,0
2762,1656022084756152362,1
2763,1645778883080499202,0
2764,1656084959965134854,1
2765,1522820575319793665,1
2766,1656080456364769282,0
2767,1656084274615926784,1
2768,1571044480345853954,0
2769,1655284637260824579,1
2770,1620096122617270277,0
2771,1648426520497786881,1
2772,1656019677062078482,1
2773,1656086054305234945,0
2774,1648647975399301122,0
2775,1656069409935327234,1
2776,1656081213092708356,0
2777,1489671232979013635,0
2778,1567629139514900481,0
2779,1656085893252550656,0
2780,1550389405919092736,0
2781,1656086010415988736,1
2782,1656081612126167041,0
2783,1654433402693492736,0
2784,1656084923692843010,1
2785,1619978704289173504,0
2786,1640024174918873088,1
2787,1656079112228798465,1
2788,1656077385974816770,1
2789,1656083771551109120,0
2790,1615743746871644160,0
2791,1656018965884440576,1
2792,1656043810625839104,1
2793,1656038738550456321,1
2794,1605352124342206464,0
2795,1544298329965662209,0
2796,1656086312598814721,0
2797,1656071693805187075,1
2798,1655291022199386114,0
2799,1656083290741428226,1
2800,1477658062190227461,0
2801,1612533853087727618,0
2802,1577985225405112320,1
2803,1655352903253540865,0
2804,1656084163747823616,1
2805,1599093634187624448,0
2806,1656084704217518081,1
2807,1656083707869155328,0
2808,1608557108810874881,0
2809,1611778293241647105,1
2810,1656086023699415041,1
2811,1628129598788734977,1
2812,1572866132100665344,0
2813,1656085093159522304,1
2814,1656086158357454853,1
2815,1656084930235908098,1
2816,1656016098628898818,1
2817,1656086109388939267,1
2818,1589387156904108036,0
2819,1656014364049121283,1
2820,1656067165991100416,1
2821,1655241022752825344,1
2822,1650525508080205824,1
2823,1656030543903965185,1
2824,1597211054546644992,0
2825,1656028399738011652,1
2826,1655572555128815618,0
2827,1487276175697354754,1
2828,1619879963695661058,1
2829,1656011505215893506,1
2830,1651705795401383936,1
2831,1656010238456365056,1
2832,1656069236370944000,1
2833,1656083954578124801,0
2834,1643655603812696067,0
2835,1656078681729798145,1
2836,1654636544471314433,0
2837,1607917226882990085,0
2838,1570210697400954880,1
2839,1581998035344642048,0
2840,1656085429811138561,1
2841,1488019690836398082,1
2842,1656085475097038848,1
2843,1656080598786789377,0
2844,1625900956629221377,1
2845,1545194223951138816,0
2846,1656076366306226178,1
2847,1626687806532644864,1
2848,1654968547628699648,0
2849,1586792632360914945,1
2850,1584939661318914048,0
2851,1656065272254537728,1
2852,1520878840788054017,1
2853,1616050782062915585,0
2854,1656060265350434816,1
2855,1633865354249375745,0
2856,1656078881093308416,1
2857,1656033622103846914,1
2858,1656084914717048833,1
2859,1613301628328902659,0
2860,1557020187391574016,0
2861,1485214432221437961,1
2862,1570486004578152449,0
2863,1634192502579396608,0
2864,1656086259469783041,0
2865,1627433946849087488,0
2866,1656083342075342850,0
2867,1617914777359220736,1
2868,1656086259113111562,1
2869,1649987269875605504,1
2870,1604925344670449664,0
2871,1656039425330036740,1
2872,1533293889586700288,1
2873,1567907367613767683,0
2874,1505348360944902149,1
2875,1561773528076230656,0
2876,1577103559513894912,0
2877,1566847700263477250,0
2878,1656085638326915072,1
2879,1656074473131462658,1
2880,1656086176967835648,1
2881,1577054219311452199,0
2882,1656073076843376640,1
2883,1646665871153143808,0
2884,1656062181459501056,1
2885,1656085525302849537,1
2886,1563932826390650880,1
2887,1631022080610246656,0
2888,1564981542308368385,1
2889,1652891564685897730,1
2890,1562082961809457153,0
2891,1656083319501754368,0
2892,1656000153164169220,0
2893,1656086044763095040,1
2894,1655908796013633541,0
2895,1656081757790416896,1
2896,1591828451086196737,0
2897,1650388750294216704,0
2898,1655508900756574209,0
2899,1654163434672357394,0
2900,1656062477530963974,1
2901,1656045091981541379,1
2902,1523639104726081537,0
2903,1609801267257434113,0
2904,1656033876643332100,1
2905,1522854132150796288,1
2906,1656048772009324544,0
2907,1656085349553127424,0
2908,1656086504559583232,1
2909,1656033374576996353,1
2910,1652096371715964929,1
2911,1656085112054767617,1
2912,1656086405607571456,1
2913,1656055554660352001,1
2914,1656061684849442816,1
2915,1656086243074269184,1
2916,1599974242157842432,0
2917,1655353596568027137,0
2918,1582799423691624448,0
2919,1646098982223990785,1
2920,1656085822817419266,1
2921,1656038253491810306,1
2922,1656023526220996630,1
2923,1656083528465956866,0
2924,1656083207391961089,0
2925,1624030870196584450,0
2926,1656029088383918081,1
2927,1656082496226820096,0
2928,1509448143460614144,1
2929,1617886355727724555,0
2930,1653063150906793984,1
2931,1651999141612990493,1
2932,1656076924131713026,1
2933,1656069198773207042,1
2934,1651891784694349826,1
2935,1656085876844142592,1
2936,1656085733264818178,0
2937,1629206343763599362,0
2938,1656085717376815106,1
2939,1655283456803495937,0
2940,1601204219989880833,0
2941,1656085360613502976,1
2942,1656086446460096512,1
2943,1631523179930984449,0
2944,1656085075619115008,1
2945,1656086344244895744,0
2946,1600565656704802816,0
2947,1575247162249576448,1
2948,1656082665836085248,0
2949,1600449409955016705,0
2950,1656009500367769600,1
2951,1656080092139868162,1
2952,1656083057705639940,0
2953,1605304380122595328,0
2954,1656082704142684160,0
2955,1656085356993986562,1
2956,1656085547754958856,1
2957,1655550408952287233,1
2958,1578125261027016704,0
2959,1578439225967796224,1
2960,1656080059369676802,0
2961,1618381661544058881,0
2962,1523276272738062338,1
2963,1596322137123569666,1
2964,1656080069775839232,1
2965,1574763829091012608,0
2966,1548719187761123328,0
2967,1656082306145169409,0
2968,1656068505261711361,1
2969,1635554381008613377,0
2970,1580388867353751553,0
2971,1656075078826590209,1
2972,1656067883712270336,1
2973,1574051113468305408,1
2974,1656081146948591616,0
2975,1656047516687712261,1
2976,1656084997470846979,1
2977,1656072535262240768,1
2978,1567597319637409792,0
2979,1628756623664594946,0
2980,1627610164273741825,0
2981,1656082634223783936,0
2982,1496727768046145537,0
2983,1656086423080976384,0
2984,1545301930267873280,0
2985,1656080393634807808,1
2986,1656082231780167680,0
2987,1656082405273247745,0
2988,1589048053478326272,0
2989,1580200256637403136,0
2990,1631585440485474310,0
2991,1656084814326374400,1
2992,1620991744950304769,0
2993,1656085186856009732,0
2994,1503423591500632065,1
2995,1656078104022876164,1
2996,1648595265992167424,1
2997,1528270666855751681,0
2998,1526614530570309635,0
2999,1570785219783036929,1
3000,1656085734296805378,1
3001,1514742564938829827,0
3002,1520952317197320192,0
3003,1656085710506475520,1
3004,1623068957510082560,0
3005,1509477447179329544,0
3006,1575230127755010049,1
3007,1656082898829692928,0
3008,1635495396272402432,0
3009,1656084901672763393,1
3010,1575812548661841920,0
3011,1656022757837279232,1
3012,1656085700955996161,0
3013,1645687962951196672,0
3014,1656033997791608833,1
3015,1628117976464474112,1
3016,1508923717065322505,1
3017,1656080843431895041,0
3018,1656071653082947586,1
3019,1496470651036737537,0
3020,1656073021038252038,1
3021,1656080642591928322,1
3022,1578549139260198914,0
3023,1656085096569397260,1
3024,1552334648868589572,0
3025,1508191863832039433,0
3026,1638791953365049345,0
3027,1605953649951133696,0
3028,1542270937868926978,0
3029,1656085745143095297,0
3030,1656086053864853504,1
3031,1584977191468572672,0
3032,1594228556082585600,0
3033,1564401019425103873,1
3034,1613497225270951938,1
3035,1542223284275712011,0
3036,1615581767292829698,0
3037,1656080431748374530,0
3038,1650828716665102337,0
3039,1656084973563293697,1
3040,1525411034227425280,0
3041,1627705672081997834,1
3042,1613204793643655168,0
3043,1527654580573589504,0
3044,1656068526505852930,1
3045,1656072518539640833,1
3046,1616050744603578368,0
3047,1656083362048622592,0
3048,1536816129519366144,0
3049,1625133954838790144,0
3050,1574737735117586433,1
3051,1504429185577717765,0
3052,1570175320648474626,0
3053,1656085561294090240,1
3054,1587415390434594816,0
3055,1656086386859028481,0
3056,1656075804156080128,1
3057,1531624788002676736,1
3058,1656081049581940737,0
3059,1640965327654723584,0
3060,1522960367030353922,0
3061,1648685643374133248,0
3062,1656082206845009923,0
3063,1516606830440501252,0
3064,1656085053351264256,1
3065,1644086088154116096,0
3066,1656084897750982664,1
3067,1589286614227894274,0
3068,1598688602023944194,1
3069,1646289343311642624,1
3070,1656079350679371776,1
3071,1656084979145646081,1
3072,1654994752243113985,0
3073,1651255313943904256,0
3074,1656083376036622337,0
3075,1656081366713528320,0
3076,1656069934919696392,1
3077,1633571374743650306,0
3078,1656074690945863683,1
3079,1555906406817071104,1
3080,1656084394057269250,0
3081,1549150593205149696,1
3082,1656057251495399425,1
3083,1656081995569725440,0
3084,1656085462992429056,0
3085,1655318129336102912,1
3086,1655580162388312065,1
3087,1572502383334232064,0
3088,1656032133507616768,1
3089,1654320353425121283,1
3090,1580700198874906626,0
3091,1656078860059033600,1
3092,1547258765090725895,0
3093,1656083521264394240,0
3094,1656081823628161026,0
3095,1584892810506928128,0
3096,1656077329825943554,1
3097,1578120843225632769,0
3098,1656081392319463427,1
3099,1656049549796859905,1
3100,1518635733728346113,0
3101,1656074607131017218,1
3102,1654045127483039744,1
3103,1655687370199400448,0
3104,1650693419780431873,0
3105,1655363445922103296,0
3106,1631636031551205378,0
3107,1656084394027753472,1
3108,1656081893006225408,0
3109,1611093632534077446,0
3110,1522295747680604162,0
3111,1656053291283783682,1
3112,1642630761994919937,1
3113,1656027457558917121,0
3114,1511313126775533571,0
3115,1652352998616514560,0
3116,1501283651383820290,0
3117,1496046855335170054,0
3118,1654176123612168221,0
3119,1566384747923836928,1
3120,1656082675906772992,0
3121,1570190758149525505,0
3122,1656078420567027714,1
3123,1593739208585273350,0
3124,1639257014240157696,0
3125,1586053025679888384,0
3126,1656064425336655873,1
3127,1656077512517070849,1
3128,1553077238379286528,0
3129,1656079244366340096,0
3130,1564313073716203520,0
3131,1656085092551258112,1
3132,1656076314733068292,1
3133,1656067587988439041,1
3134,1656073615912185858,1
3135,1628424267577843712,1
3136,1656085869764431872,1
3137,1656083862445780992,1
3138,1631185380916744192,0
3139,1656024845967314949,1
3140,1501735736332075008,0
3141,1656084590841266183,1
3142,1613521618042585089,0
3143,1652879599607611393,1
3144,1589966405633703937,0
3145,1656085976270135299,1
3146,1586463172437118976,1
3147,1564696214184009728,0
3148,1656081032498610177,0
3149,1654540945369493506,0
3150,1601940178859335680,0
3151,1600489694466285568,0
3152,1656085210105098243,1
3153,1656075307982688256,1
3154,1656085482315616256,0
3155,1656085459095650306,1
3156,1656080008157200384,0
3157,1656085903176241152,1
3158,1620208766401536000,0
3159,1578007941587705856,0
3160,1622172336609705984,0
3161,1656029249088749570,1
3162,1656085601157005313,1
3163,1656072549308964865,1
3164,1574435953250385920,1
3165,1501971941179203585,0
3166,1628842517130092544,0
3167,1656086615440195585,1
3168,1527479283278544896,0
3169,1656084768167981057,1
3170,1656085627425767425,1
3171,1531742482681278464,0
3172,1655360762280280065,0
3173,1656017450981367822,1
3174,1656023758308782080,1
3175,1656054270037311489,1
3176,1621085077760364544,0
3177,1575541193810841608,0
3178,1656081793651441665,0
3179,1648307913298169857,0
3180,1575338706231119872,1
3181,1656084756637835264,0
3182,1646333595815153664,1
3183,1655943573714649091,0
3184,1629021951565115392,0
3185,1656084869603028993,1
3186,1656085942044696577,1
3187,1563419460304015360,0
3188,1656042086813057053,1
3189,1539068011524521986,0
3190,1625666056202379266,0
3191,1656086559605620736,1
3192,1627391065945784322,0
3193,1655117346032218113,0
3194,1547322355118006272,0
3195,1656079049712709632,0
3196,1656086510725152769,1
3197,1656079172941524994,0
3198,1656085846313820160,0
3199,1597313660934033409,0
3200,1655366708620582912,0
3201,1493720076016664580,1
3202,1656085226869645313,1
3203,1656076872302710785,1
3204,1656010158818861062,1
3205,1639658708387999746,0
3206,1614183372200214530,0
3207,1656085982695882753,1
3208,1656074074328829952,1
3209,1651231136356478978,1
3210,1544695296202051587,0
3211,1656082546520891392,0
3212,1635068288135995393,0
3213,1656082463771226113,0
3214,1550401522881728512,0
3215,1584322208775647232,0
3216,1656044077761085441,1
3217,1653156901696458753,0
3218,1656086259448569857,0
3219,1504821104837378048,0
3220,1647113057540403202,1
3221,1620382269499383809,0
3222,1656079434858864640,0
3223,1645518903479762944,0
3224,1656086016049000448,0
3225,1598538083334426624,0
3226,1560883378882490368,0
3227,1651238813400743939,1
3228,1656058718318997506,1
3229,1656021410651807765,1
3230,1656085825531285505,1
3231,1656066113061675008,1
3232,1655202419494776833,1
3233,1577120859466043392,0
3234,1645857474488983552,0
3235,1484151815566331907,0
3236,1656035390934110208,1
3237,1655268968779636737,1
3238,1656083448774160384,0
3239,1656076086671732736,1
3240,1656079057245569027,0
3241,1612601042260361216,0
3242,1656075302429155329,1
3243,1656085734292598784,0
3244,1656086011699511298,0
3245,1656017449051889664,1
3246,1654883258428010496,0
3247,1656046515784171530,1
3248,1656082748254060546,0
3249,1656080793293434881,0
3250,1656079696004538373,0
3251,1656016672455630857,1
3252,1559260253232934912,1
3253,1656075970795696128,1
3254,1574809379693551621,0
3255,1656079348447715328,0
3256,1554495587680223232,0
3257,1479842623724855301,1
3258,1656083430021447682,1
3259,1567516556933865472,1
3260,1656044391096565790,1
3261,1655200970329010179,0
3262,1655272588212604928,0
3263,1656084728124932099,1
3264,1487970207381475328,1
3265,1575164572247490561,1
3266,1656033135132561411,1
3267,1571665518339428354,0
3268,1532886062439227393,0
3269,1646583340940791808,0
3270,1656085081411440643,0
3271,1656082320330219526,1
3272,1655831737904295942,0
3273,1656082849445957632,1
3274,1603553770121601025,0
3275,1493523528985059331,0
3276,1656068013601243137,1
3277,1656084846303903744,0
3278,1656084739651153920,1
3279,1656085947287744512,1
3280,1656085716965773313,0
3281,1645781501286526978,0
3282,1655927517805461505,1
3283,1625977622768529410,0
3284,1648326873536147457,0
3285,1540319093961662467,0
3286,1605740685696851968,1
3287,1589030209231065088,0
3288,1634008736648908804,1
3289,1656081085934215169,1
3290,1646498678515941376,0
3291,1656068390417465344,1
3292,1485915903812423680,0
3293,1656044009385541639,1
3294,1656079420824891392,1
3295,1656083151511515137,0
3296,1656076876488626176,1
3297,1656013773851746306,1
3298,1656071345606623232,1
3299,1640091647605178373,0
3300,1656086281741279236,1
3301,1656079039235325952,0
3302,1656051090641637380,1
3303,1575787542657507331,0
3304,1654900621164650502,0
3305,1656083740958015490,0
3306,1614017202155589634,0
3307,1575111121899425792,1
3308,1656082256602226688,0
3309,1618453281558388736,1
3310,1656086510062411776,1
3311,1656075480460582912,1
3312,1656034418958409728,1
3313,1656015554065440793,1
3314,1623363196517027845,0
3315,1656086180222365701,0
3316,1608951737167085568,0
3317,1656085710414270464,1
3318,1567805971115671553,1
3319,1656011217683529732,1
3320,1599199304631009282,0
3321,1656082211416727553,1
3322,1637933113186848768,1
3323,1631736686848753664,0
3324,1655939239513837569,0
3325,1492010017670635520,0
3326,1551626780326363136,0
3327,1613217675756376166,0
3328,1561995428077395969,0
3329,1656085009931939840,1
3330,1656061940093931520,1
3331,1656067003071836160,1
3332,1600540543498403840,0
3333,1656075612455419905,1
3334,1631447737647390725,1
3335,1656069331355090944,1
3336,1656081324984406016,1
3337,1650387395207139330,0
3338,1562132400603275264,0
3339,1654794084794396674,1
3340,1534871332017557505,0
3341,1555277189188313089,0
3342,1646960598792523785,0
3343,1655553188588576772,0
3344,1616625123146235904,0
3345,1566671826574622720,0
3346,1656082402584739842,0
3347,1655482061661294594,0
3348,1656083527556034560,0
3349,1656080562791100416,0
3350,1585876150605283330,0
3351,1621677129426419712,1
3352,1573861422928371712,0
3353,1650672125290659850,1
3354,1656086362167328768,1
3355,1642516627122954242,0
3356,1656084741077041158,1
3357,1600142172317270020,0
3358,1656064006610722817,1
3359,1633155379743055872,0
3360,1656082489092325379,0
3361,1656085687857213440,1
3362,1656084686135861249,1
3363,1485355930862632966,0
3364,1656018108157501455,0
3365,1557807069159477249,1
3366,1656078527446368259,1
3367,1656049818764996611,1
3368,1651613792281952257,1
3369,1621138098733322241,0
3370,1655917168444465154,1
3371,1581391475145080832,1
3372,1623391669390573570,0
3373,1640082688659845122,1
3374,1597590722076897280,1
3375,1656065900519256065,1
3376,1655366813687902209,0
3377,1656067495889981442,1
3378,1571979414254096389,0
3379,1655031708453048322,0
3380,1566358655871639559,0
3381,1656084816968798209,1
3382,1656070069670096896,1
3383,1620921794151718915,0
3384,1656074034222645250,1
3385,1611195531904024581,1
3386,1656022246253633547,1
3387,1481602670209159171,0
3388,1636633712803692544,1
3389,1656084684999106563,0
3390,1581221654688321539,0
3391,1656085841943445515,1
3392,1650047628292358144,0
3393,1650582703031328773,1
3394,1554908338659401730,0
3395,1580201032063197184,0
3396,1656079158697512960,0
3397,1656060617814409217,1
3398,1577988159228596227,0
3399,1620982355065438208,0
3400,1595462180052553728,0
3401,1656048673447464960,1
3402,1629016048233066499,0
3403,1656052477886709760,1
3404,1536909445506400256,0
3405,1656086156394614784,0
3406,1654901512697442305,1
3407,1656076820872065024,1
3408,1620775125800058880,1
3409,1656056556897595394,1
3410,1656075656827142144,1
3411,1656068777979809792,1
3412,1514352111336792078,0
3413,1656066655213047812,1
3414,1656086551288328192,0
3415,1656076163549130752,1
3416,1652624772273180675,1
3417,1656084711523983360,1
3418,1577748934600146953,0
3419,1549150310798704646,0
3420,1601563447585607680,0
3421,1614981920936415238,1
3422,1521383130233376768,0
3423,1555514465810268161,0
3424,1656076621374279682,1
3425,1633450783940427776,0
3426,1655805888207224832,0
3427,1648730696909987841,0
3428,1572670246934413325,0
3429,1567894757770231811,1
3430,1618934582858100737,1
3431,1650723441668923394,0
3432,1656066705670406146,1
3433,1656080872100036610,1
3434,1650251503725076482,1
3435,1656079313731751936,0
3436,1592844484512997376,0
3437,1656083390058078208,0
3438,1653008410877607940,1
3439,1656074994365997058,1
3440,1651245887316959233,0
3441,1656086041097371648,1
3442,1493338264861741057,0
3443,1536341733067345920,0
3444,1571919306887417857,0
3445,1594826375512432651,0
3446,1656062229320433668,1
3447,1608876713215422464,0
3448,1553831552315949057,1
3449,1656086329590001665,1
3450,1656075125593108486,1
3451,1656071475479158785,0
3452,1656043510544384014,1
3453,1656085543686492160,1
3454,1656078249452003328,1
3455,1554904642429112320,0
3456,1577324556116979712,1
3457,1656057548489777152,1
3458,1590699166954463233,1
3459,1656080595842375680,0
3460,1485885130803916800,0
3461,1654450188281344000,0
3462,1654709543014744064,0
3463,1620628161414463490,1
3464,1656026066614362115,1
3465,1656086055400140800,1
3466,1615450079103709184,0
3467,1656059148583288832,1
3468,1600543521966112795,0
3469,1656055949247799297,1
3470,1656083451467161600,1
3471,1656013002385104923,1
3472,1585732699955896327,0
3473,1559840801231970310,0
3474,1620028719544037378,0
3475,1656022425111511040,1
3476,1616250543109963776,0
3477,1630146059165941760,0
3478,1656082138205175814,0
3479,1636886186047176707,0
3480,1656086050530373633,1
3481,1652045246497271808,0
3482,1561746034044420097,0
3483,1653099072771825668,1
3484,1656073733436760064,1
3485,1503476069738840064,0
3486,1603593258407497728,0
3487,1622989115695288321,0
3488,1656035201825361920,1
3489,1580118583417262080,0
3490,1576447977714896896,1
3491,1615187170578370560,0
3492,1656067586600185857,1
3493,1482384649498333186,0
3494,1656081234706026497,0
3495,1604383952118087680,0
3496,1656077900418891785,1
3497,1576148111252418560,1
3498,1656083547227136003,1
3499,1640323156178087936,0
3500,1645826184184315911,0
3501,1649473713237008393,0
3502,1656081548767277056,0
3503,1487542720751181830,0
3504,1653365409926754305,0
3505,1656008597372039168,1
3506,1656062314301333504,1
3507,1656082638539571200,0
3508,1640462627942936577,0
3509,1655318499412123648,0
3510,1492290771843792899,0
3511,1656082069049548802,1
3512,1656084734122811393,0
3513,1655342967702298627,0
3514,1656085160184430592,1
3515,1656086370169806852,1
3516,1656082875308187648,0
3517,1601931948972294145,1
3518,1655608921728462852,0
3519,1644867855807021056,0
3520,1656081483466153985,0
3521,1656084387748823040,1
3522,1655123914752663553,0
3523,1656080578591215617,0
3524,1641224772590657537,1
3525,1656085591182938113,1
3526,1656008178109227030,1
3527,1638610259416580096,0
3528,1635910461508943875,0
3529,1500932679138791428,1
3530,1656039462088966144,1
3531,1636407482431029267,0
3532,1497412396507271168,0
3533,1577327273371385858,1
3534,1542543914497892354,0
3535,1532109686027169792,0
3536,1574350204811231233,1
3537,1573359565906796546,0
3538,1656084407030018051,1
3539,1655714795692384256,0
3540,1656084400243720197,0
3541,1656084575175553025,0
3542,1656086099712946177,1
3543,1553433076381863936,0
3544,1630979969516961797,0
3545,1656082731565023236,0
3546,1524870881763287042,0
3547,1650950077643636737,0
3548,1656030970972344320,1
3549,1541616424640200704,0
3550,1536287531989274626,0
3551,1617713450079358981,0
3552,1600205733630513154,1
3553,1562636160911847426,0
3554,1656086045413326848,1
3555,1654586014571134983,0
3556,1656085952161349632,1
3557,1656084764221378560,1
3558,1553767487648456705,0
3559,1656072527955763204,1
3560,1656085797076959232,0
3561,1656081061300895747,1
3562,1656068333114933248,1
3563,1635179794483560448,0
3564,1628708522522476551,0
3565,1654381783616733185,1
3566,1656084733477158912,1
3567,1656085959094484993,1
3568,1600296273156124672,1
3569,1585100444854099968,0
3570,1656085823270572032,1
3571,1656027956844834816,1
3572,1656070295726219266,1
3573,1552395163724419072,0
3574,1577830678179155969,0
3575,1656079592803692544,0
3576,1553963355567710209,0
3577,1656082424508604416,0
3578,1578070939320958978,0
3579,1656083518034788352,0
3580,1525940032313303041,0
3581,1656029093857509385,1
3582,1656085960776462336,1
3583,1547600628137857024,0
3584,1557031749095399428,0
3585,1656013877669429254,1
3586,1600227328050675713,0
3587,1631412542856654855,1
3588,1652714493057830914,0
3589,1656083456605003781,1
3590,1655713852820996097,0
3591,1636688443794395136,1
3592,1600901591430750209,0
3593,1649238535826968576,0
3594,1652259567315881984,0
3595,1575847658790391809,0
3596,1627528997642051585,0
3597,1650954950166323200,0
3598,1653004551518126085,0
3599,1503431921216413704,0
3600,1554586325101199362,0
3601,1656086497785700352,1
3602,1573450655892934657,1
3603,1656084671170777088,1
3604,1656085685374255106,1
3605,1484851471438934020,0
3606,1498339216027226119,0
3607,1656084667140014080,0
3608,1493412450531561475,0
3609,1656059275238678528,1
3610,1601531542840512515,0
3611,1655286637822345216,0
3612,1562918238178131968,0
3613,1644183182693085185,0
3614,1638956108445528065,0
3615,1639262695231725568,0
3616,1656079093501140992,0
3617,1656041782197534724,1
3618,1523641155778449408,0
3619,1651656029447266335,1
3620,1656078240966930432,1
3621,1656079676295507974,0
3622,1632757677888602112,0
3623,1656078268552863745,1
3624,1656049519602040832,1
3625,1656081479003242497,0
3626,1616943987918622722,0
3627,1656074128967827457,1
3628,1656082399892226048,0
3629,1656084971684265985,1
3630,1517834366910558208,0
3631,1656018179590692903,1
3632,1483738251076595714,0
3633,1656079799360659457,1
3634,1481056436746694666,1
3635,1656086624579600388,1
3636,1647601767868416001,0
3637,1656056113333170177,1
3638,1656081284546822144,1
3639,1656086048785461250,1
3640,1606465379043364866,1
3641,1503688839373758466,0
3642,1535712250681610242,1
3643,1656015564949659660,1
3644,1656084826506788865,1
3645,1654236985899245568,0
3646,1630021092965330945,1
3647,1604409132106321922,0
3648,1525168624151015424,0
3649,1577087738876432385,1
3650,1656085762029539330,0
3651,1656086167878770688,1
3652,1592604027308888064,0
3653,1551598290503929857,0
3654,1586449295804342273,0
3655,1559025492677873665,0
3656,1511380665601859587,0
3657,1510633400436199426,0
3658,1523724313467052033,0
3659,1656015796185833483,1
3660,1584433394846683136,0
3661,1625563076266233857,0
3662,1604842821944483841,0
3663,1656073307437899777,1
3664,1613569061987799045,0
3665,1624200053312344064,0
3666,1656049234972487680,1
3667,1654885062448672770,0
3668,1602634346439086081,0
3669,1656084675922739200,1
3670,1622566775308308480,0
3671,1540075614467723264,0
3672,1569161248373379073,1
3673,1656031812592779278,1
3674,1573619760029470720,0
3675,1568436121893314561,0
3676,1656084926674944000,1
3677,1584010226038366208,0
3678,1656011407589089305,1
3679,1496359051013197824,0
3680,1500335109274320896,1
3681,1656002749933268992,0
3682,1654498698292854785,0
3683,1656086146714071040,1
3684,1598556213192581120,0
3685,1654542259541377025,0
3686,1635883673714315264,1
3687,1656085862415826945,0
3688,1628134719958224916,1
3689,1656069060931600384,1
3690,1656004908431077377,1
3691,1656067289329049601,1
3692,1656012901625516033,1
3693,1583376936453439490,0
3694,1598849927588634624,1
3695,1656085908670627843,0
3696,1627640001512210439,0
3697,1656066786666901506,1
3698,1655478751717728258,1
3699,1656083113687261185,0
3700,1656085338237067264,1
3701,1656085958524108801,0
3702,1627560488048693248,0
3703,1620763862256746496,0
3704,1656051855951273984,1
3705,1655969053226283019,0
3706,1604463818352254976,1
3707,1656066516557926400,1
3708,1656041298745278482,1
3709,1593587895578656769,0
3710,1655486143956234243,1
3711,1544000738724134915,0
3712,1656066490104270856,1
3713,1603323596494934016,0
3714,1656079416710123521,1
3715,1656085077359575040,1
3716,1656049881973227521,0
3717,1656086313840566272,1
3718,1575510710230065154,1
3719,1655751185674952705,0
3720,1656073330162581505,1
3721,1656085904119693313,1
3722,1656076064941133830,1
3723,1656024685409181711,1
3724,1656084996145266693,0
3725,1621920553220313089,0
3726,1584631875326611456,0
3727,1613571102810177541,0
3728,1656046219821449216,1
3729,1656080234360483840,1
3730,1585783572408868864,0
3731,1580936951708135424,0
3732,1613338886541017088,0
3733,1547043209087311873,0
3734,1643637325711155201,0
3735,1656026778270400512,1
3736,1585707906095321100,0
3737,1655538317923074054,1
3738,1656085727594119169,1
3739,1656084049293725696,0
3740,1656086153945071616,1
3741,1574776539421577216,0
3742,1535583758572605440,0
3743,1656010588319883269,1
3744,1656081448271507457,0
3745,1656083467233271809,0
3746,1656084722789888006,0
3747,1542550417430573056,0
3748,1656073453190144000,1
3749,1656085988085764097,0
3750,1550500955715690497,0
3751,1567642091978637312,0
3752,1564379890488573959,0
3753,1582636326935220226,0
3754,1649441362410893317,0
3755,1654792515675930626,0
3756,1656085995144761344,1
3757,1656085870993178624,1
3758,1654501751104389122,0
3759,1629875972211130370,1
3760,1567948430332334083,1
3761,1656082416279392257,0
3762,1597313187443257344,1
3763,1656014998483738641,1
3764,1656086346451263491,0
3765,1656085209085771776,1
3766,1652228832533835778,0
3767,1656075201757474816,1
3768,1629059359597809665,0
3769,1656020264256172034,1
3770,1656085719377428484,1
3771,1656083674276716544,1
3772,1555522337659056128,0
3773,1656041156994580503,1
3774,1574190402319618048,0
3775,1542395030232616961,0
3776,1656010021858078721,1
3777,1489388342013796358,0
3778,1655073244364546048,0
3779,1656028879033647112,1
3780,1612693180847386625,0
3781,1540105760964739072,0
3782,1656081420614508546,0
3783,1655039912301805569,0
3784,1656082375846277121,0
3785,1656086183061929986,0
3786,1656085477034717184,1
3787,1655974913453195270,0
3788,1656066699966271489,1
3789,1656081207082246148,1
3790,1557669517521784835,0
3791,1610031626091888641,1
3792,1656082422927163392,1
3793,1656086239668207616,1
3794,1655927189555261445,0
3795,1654848519554084866,0
3796,1656033746540285952,1
3797,1656084969838587904,1
3798,1655250169368309761,0
3799,1620035938230603776,0
3800,1645371119011090432,0
3801,1655847524526088194,1
3802,1622662537937395721,0
3803,1656079086207504385,0
3804,1656074324732784640,1
3805,1651405887800750091,1
3806,1656085220414853120,1
3807,1655611154352275458,1
3808,1592240187144564738,0
3809,1565701404135653376,1
3810,1654494525077725184,0
3811,1656039608113610765,1
3812,1656082579081052160,1
3813,1504427641893445636,0
3814,1497347718854938626,0
3815,1656022746688520192,0
3816,1655881708611280898,0
3817,1654047580140060673,0
3818,1656081570627821569,0
3819,1644675555399282689,1
3820,1655972760202665986,1
3821,1516548471930634252,0
3822,1656010657039360019,1
3823,1656084792725610497,1
3824,1645025522827821056,0
3825,1656076325927493632,1
3826,1637274812165898241,0
3827,1656081299155632128,0
3828,1656083990078685186,0
3829,1565110711046606848,0
3830,1654050425958461440,0
3831,1656086566798868480,1
3832,1656082117820928002,0
3833,1656084102674538497,0
3834,1605935982485929985,0
3835,1656086338070888449,1
3836,1503985803638288385,0
3837,1656080229792911360,1
3838,1656084652896157696,0
3839,1536177675366109184,0
3840,1655211481745727488,1
3841,1656066523541143558,1
3842,1656075397589794816,1
3843,1498976499684286465,0
3844,1656085554511978498,0
3845,1575398148826189825,1
3846,1648652898383937536,0
3847,1593754285342429186,1
3848,1656016929579048962,1
3849,1656083684934701056,0
3850,1654786272626372608,0
3851,1656085450769981440,1
3852,1607751786739208192,1
3853,1656085713828323328,0
3854,1654636145806811140,0
3855,1656072241916813313,1
3856,1654535612932694020,0
3857,1656037476379574302,1
3858,1656085358193303552,1
3859,1656079472506880002,1
3860,1568387157009797122,0
3861,1656086322119835653,1
3862,1656023813287551014,1
3863,1656020141321392129,1
3864,1605837801047707648,0
3865,1656021846729400347,1
3866,1600163578396364807,1
3867,1656080920196071427,1
3868,1656081938959183872,0
3869,1654021208508178434,0
3870,1652139897208143872,1
3871,1656047734225289225,1
3872,1656081757043834880,0
3873,1656072383692767232,1
3874,1656086218050883585,1
3875,1656080580981735425,0
3876,1656073752537624577,1
3877,1555129061147435008,0
3878,1656072103664275462,1
3879,1656068853607337984,1
3880,1656074191886594048,1
3881,1656085351369416704,1
3882,1508627272684638213,1
3883,1656067130108903425,1
3884,1595624778387243008,0
3885,1656048929937448970,1
3886,1568015165358231553,0
3887,1586083507364839424,0
3888,1477220315520405507,0
3889,1656084106004905985,0
3890,1656009314346180608,1
3891,1656077537708236800,1
3892,1655890554893348865,0
3893,1656085121278132225,0
3894,1519987598491414528,0
3895,1655906044755820545,0
3896,1599940425195945984,0
3897,1619941362270638080,0
3898,1656076812634529793,1
3899,1623470144570679296,0
3900,1526682310111809536,0
3901,1656084859821981696,0
3902,1575119860882755590,1
3903,1590487100461387777,0
3904,1655925628841885698,0
3905,1656017380794064897,1
3906,1656085289796763650,1
3907,1645447925865095168,0
3908,1656083762046803968,0
3909,1575733206992576513,1
3910,1656082280895447040,1
3911,1656085521079099392,1
3912,1652144621076578304,0
3913,1656060981712125952,1
3914,1656086465624023040,1
3915,1636797766771802118,1
3916,1656081061858746368,1
3917,1656078903448854530,0
3918,1656082569262161921,0
3919,1656075140491362305,1
3920,1656081375957745665,0
3921,1488345248870780930,0
3922,1588335219140349953,0
3923,1547405520868233217,0
3924,1644376844031111168,0
3925,1656072438139027458,1
3926,1590091432022667264,0
3927,1656069573060489218,1
3928,1656072717928472577,1
3929,1504240711453061121,0
3930,1590618537781235712,0
3931,1613198181478850562,0
3932,1598458269852483591,0
3933,1656081673136619521,0
3934,1619739657528569856,0
3935,1656028065015660548,1
3936,1654556390805962752,0
3937,1547998277097836550,0
3938,1656079738996240386,0
3939,1656085371573215232,0
3940,1648817167654068225,0
3941,1656073160662429696,1
3942,1620823429166559233,0
3943,1656079845477212162,0
3944,1560044277941489664,0
3945,1497988118124896258,0
3946,1590217849913872386,0
3947,1656056479361773568,1
3948,1656081547890511874,1
3949,1656077411442651139,1
3950,1656086357788483584,1
3951,1656059243563294721,1
3952,1656085714096779264,1
3953,1638272950234238980,0
3954,1656086342202462209,1
3955,1655321788249960449,1
3956,1656083556228005891,0
3957,1564742315553562625,0
3958,1655079283466063872,0
3959,1656012589883695108,1
3960,1656086046029799425,0
3961,1653041372989890567,0
3962,1656026511181488128,1
3963,1572389727822659584,1
3964,1656085632731557893,1
3965,1656085933853384705,1
3966,1656021692228018184,1
3967,1656084112136892418,1
3968,1560250079994613761,0
3969,1656082249551339520,0
3970,1550111465440419840,0
3971,1654621994506153984,0
3972,1527027454652694528,0
3973,1535245552560087040,0
3974,1539409397012525057,0
3975,1656086605139152897,1
3976,1612864442609405992,0
3977,1656049468851011586,1
3978,1656085880535412736,0
3979,1656080826772103168,0
3980,1656086141093965826,1
3981,1656076821656399872,1
3982,1655517393387507712,1
3983,1559297169173143552,0
3984,1539236113465741312,0
3985,1655855880980557824,0
3986,1656086216637284353,1
3987,1656085082606559232,0
3988,1656085630273695744,1
3989,1656082983382548480,0
3990,1497627030040375301,0
3991,1573379202090696704,0
3992,1656085745893888001,1
3993,1635133810303180801,0
3994,1571584062376054790,1
3995,1656080776054669315,0
3996,1553280829370970112,0
3997,1516909082657001472,0
3998,1642587701319815168,0
3999,1656080527013842945,0
4000,1656080063455002624,0
4001,1656038473118420992,1
4002,1654535839483846657,0
4003,1641943802876231680,0
4004,1544737951430631431,0
4005,1656060234668883969,1
4006,1656083324048113670,0
4007,1656086200036339713,0
4008,1647797292479442946,1
4009,1656083451446022144,0
4010,1656063638002696194,1
4011,1624385260799594498,0
4012,1656081029759913984,0
4013,1656081240812822528,0
4014,1656086400683368450,1
4015,1656024395394031621,1
4016,1656060131539406848,1
4017,1656072724303806466,1
4018,1656086104951382016,0
4019,1656081081047629825,0
4020,1656081099762671617,1
4021,1656081193710886916,0
4022,1656047028701630465,1
4023,1650618694945636356,0
4024,1656082607061315586,0
4025,1656084476277956608,0
4026,1656084911718055937,0
4027,1536892569854136320,0
4028,1617004382645780480,0
4029,1584432811511263235,0
4030,1656085586678284289,0
4031,1656067858965594114,1
4032,1643020225267245056,1
4033,1656085961850368000,1
4034,1656082281256083458,0
4035,1656067702102929414,1
4036,1656078996084326400,0
4037,1574885512900386834,1
4038,1656011620433240079,1
4039,1521620652629032960,0
4040,1655302893631680514,0
4041,1656015105296048129,1
4042,1656080669364084737,1
4043,1656072086501064704,1
4044,1656032797058842655,1
4045,1656072719648137216,1
4046,1655757758602391552,1
4047,1586376773838680064,0
4048,1531345597302710272,0
4049,1656069516915273728,1
4050,1655604000342044674,0
4051,1588065410452267009,1
4052,1656014941130825736,1
4053,1654602602930139136,0
4054,1564640153179758593,0
4055,1646513978074624000,0
4056,1656083025401360384,1
4057,1656079667261063171,0
4058,1574250722719371264,1
4059,1656022638429446169,1
4060,1651446512809914368,1
4061,1653443286466539520,0
4062,1649063645735972865,0
4063,1506993237034119173,0
4064,1527249527618543616,0
4065,1656081449613762561,0
4066,1656086394903617537,1
4067,1656085264991674368,1
4068,1617266402779430915,0
4069,1656027519416426497,1
4070,1655717584451371010,0
4071,1656017521471033345,1
4072,1654078713565159437,0
4073,1654541087229243395,0
4074,1634284639698276375,1
4075,1570507846126804993,0
4076,1595239806983864325,0
4077,1656084308409368577,0
4078,1654512966539026435,0
4079,1581470599779864578,0
4080,1592022719498833921,0
4081,1509442554684715013,0
4082,1656085489861140480,1
4083,1549001652203671553,0
4084,1629993452703477760,1
4085,1625261328263970817,0
4086,1582703115890876416,1
4087,1656086408505839621,0
4088,1656079129802952706,1
4089,1596238293112430592,0
4090,1656068257231560704,1
4091,1572900658524868612,0
4092,1654561868046909440,0
4093,1656074177479319552,1
4094,1656086136467382274,1
4095,1545751693920452610,1
4096,1582890969267326976,1
4097,1628277898049122305,0
4098,1656084639209988098,1
4099,1656082706587893760,0
4100,1656018080915689473,1
4101,1613310006366969862,0
4102,1656080536413036544,1
4103,1574886474436481024,1
4104,1656085327738535939,1
4105,1568039467927355392,1
4106,1656079405695791105,0
4107,1656053832378458113,1
4108,1656085246297755649,1
4109,1556510236583813120,1
4110,1656085558395908098,1
4111,1656080819184648197,0
4112,1656051682260975616,1
4113,1569300548226252801,0
4114,1656084511694700546,0
4115,1562646743627444224,0
4116,1656085666789224454,0
4117,1656077376663478273,1
4118,1629091072365453313,0
4119,1654593164714409986,1
4120,1633369348722270208,1
4121,1656069347872317440,1
4122,1656045400967778305,1
4123,1656084763965284354,1
4124,1648016381944766464,1
4125,1632039498270777347,0
4126,1656027804239122440,1
4127,1587563626906402817,0
4128,1656073979898019969,1
4129,1656085400199340033,0
4130,1497259577011683334,1
4131,1524476430058459136,0
4132,1656009892547756034,1
4133,1483282622021201924,1
4134,1656085194904854529,1
4135,1656068444402380800,1
4136,1602882570311573504,0
4137,1656083541665644545,0
4138,1654503232100614145,0
4139,1655683222142074880,0
4140,1623398490838532097,0
4141,1518706910656147457,1
4142,1656083994252054532,0
4143,1499399633595818000,0
4144,1569856228167131137,0
4145,1515013635277348870,0
4146,1654078772017020928,0
4147,1655407556343345154,0
4148,1656079095271227393,1
4149,1656021250123210768,1
4150,1656082298079682566,0
4151,1570820751795847170,0
4152,1656084952113446912,1
4153,1656014852786200582,1
4154,1633238799965904896,1
4155,1634213343916355584,0
4156,1590416313981505537,0
4157,1488329320988758016,1
4158,1656086510427308033,1
4159,1588124219040202752,0
4160,1656085895387250689,1
4161,1643984810606747654,0
4162,1626655994213240861,0
4163,1636554400373022720,0
4164,1656085453639139328,1
4165,1653071331976437762,0
4166,1560954933792366592,1
4167,1656086201688784896,1
4168,1540218747780227074,1
4169,1656085412773871618,0
4170,1653028749846142976,0
4171,1532798805963317248,1
4172,1656083567842062336,0
4173,1656085589177892867,1
4174,1656029070319140870,1
4175,1654956974881275906,0
4176,1656085820108070912,0
4177,1656083812684644355,1
4178,1656085422454484992,0
4179,1593564589509283841,1
4180,1656085413419679744,1
4181,1654915149785104384,0
4182,1639835930818416640,0
4183,1656085021411639296,0
4184,1655261113808990208,0
4185,1656085345656610816,0
4186,1574155176595914752,1
4187,1576033212962574336,0
4188,1656068516427218945,1
4189,1656085002709344259,1
4190,1614017853463711766,0
4191,1656046001226936320,1
4192,1651334148114599936,1
4193,1654882038262923265,1
4194,1584651464705994752,0
4195,1656085292904849408,0
4196,1512547067129966592,1
4197,1553968880980316161,0
4198,1656017127059628034,1
4199,1656086191123439616,1
4200,1654564097906671616,1
4201,1591102206849196035,0
4202,1656063918819930112,1
4203,1618672417479557120,0
4204,1621109237945618432,0
4205,1656085957458665472,0
4206,1655063547087405061,0
4207,1656029849734246401,1
4208,1610650266159693830,0
4209,1654931668661157892,0
4210,1656071171182346240,1
4211,1656086638135582721,0
4212,1655060034877902849,0
4213,1655606484385017862,0
4214,1622353903265120256,0
4215,1581773265403490305,0
4216,1656075295735119872,1
4217,1574841625364369410,1
4218,1656086408938008576,1
4219,1650878484095422464,1
4220,1625316151403376641,0
4221,1599501711491493888,0
4222,1608885691395497984,0
4223,1643119587406548992,1
4224,1565695778265382912,0
4225,1525202600265662464,0
4226,1654568109427097601,0
4227,1656072587548717057,1
4228,1552305560980037633,0
4229,1656085757810073600,1
4230,1656079196001558531,0
4231,1656021190614425610,1
4232,1656085017787789317,1
4233,1656085667783294978,1
4234,1656084767182557184,1
4235,1653938577196171270,1
4236,1656014275121389574,1
4237,1656086149746532353,1
4238,1656085137006755845,1
4239,1656086445088555008,1
4240,1656085083302838273,0
4241,1550459471767511042,0
4242,1569533569390739456,0
4243,1656079053718446080,0
4244,1656042831910191124,1
4245,1656076994218475520,1
4246,1656083697261776896,0
4247,1627713368210407435,0
4248,1656059228509855746,1
4249,1655410969303040000,0
4250,1621115033630511104,0
4251,1656081615037280257,1
4252,1559129628652048384,0
4253,1497971776009252870,0
4254,1549663888152608768,0
4255,1656086397499965440,1
4256,1656081982655434754,0
4257,1576229052142145536,1
4258,1605203115946524673,1
4259,1601182414734491648,1
4260,1641654104606019585,0
4261,1634217401314058240,0
4262,1654091047067156483,1
4263,1656085993856827393,1
4264,1656085358189203456,1
4265,1656074751385776129,1
4266,1551211096853295104,0
4267,1649962202156396545,1
4268,1656086185909862409,1
4269,1656082130009481216,1
4270,1610395752705966081,0
4271,1651929209101598723,0
4272,1519529208607031297,1
4273,1598453676678565889,0
4274,1653366639537127426,1
4275,1656078019575033856,1
4276,1656085646941777920,1
4277,1655284011785396224,0
4278,1537891978779627520,1
4279,1656085332809637890,0
4280,1655416770105077762,0
4281,1656077768969580544,1
4282,1656085176601006080,1
4283,1654937900847628288,0
4284,1607427407837003776,1
4285,1655761140683767809,0
4286,1656078963620601856,0
4287,1581306661972496384,0
4288,1605567876911534082,1
4289,1623250681900457984,1
4290,1656085563840004099,1
4291,1656041715306774560,1
4292,1569667869184589824,0
4293,1571494617694212096,0
4294,1656081992700534784,0
4295,1656079980156293120,1
4296,1656037340257583104,1
4297,1656086333423595520,0
4298,1593000646407774208,1
4299,1656085938609569793,1
4300,1544424290896027648,0
4301,1600965741720633344,1
4302,1656079885247315968,0
4303,1656035075354513408,1
4304,1554814555624116229,0
4305,1550843811672207366,0
4306,1569036531175661570,1
4307,1656075701064220673,1
4308,1656080539961503744,0
4309,1656083425806389249,0
4310,1656047155709382656,1
4311,1656081133245800451,0
4312,1654940444730482690,0
4313,1656032663868678144,1
4314,1656082453193170944,0
4315,1632279440330838018,1
4316,1656054566327054340,1
4317,1656084874992975872,1
4318,1613578238671855616,0
4319,1530742678606028800,0
4320,1656079188233797636,1
4321,1645565737497677825,1
4322,1598822106342752256,0
4323,1653826614851936257,1
4324,1619083383900090369,1
4325,1656086324175052805,1
4326,1619628233451835393,0
4327,1649214457938321408,1
4328,1656084998124978177,1
4329,1654714466544787461,0
4330,1535012510444707841,0
4331,1656081592551366656,0
4332,1551454610581233665,1
4333,1632498740736000002,0
4334,1656079397395263495,0
4335,1635580117857574913,0
4336,1655990875057422370,1
4337,1516814587651371008,1
4338,1656048728728379393,1
4339,1656085447720804352,1
4340,1656068647733870592,0
4341,1656085234532712448,1
4342,1636417363590496261,1
4343,1656077731971432449,1
4344,1556069406169604096,0
4345,1655625245083021333,0
4346,1656079888011653120,0
4347,1482663011785531393,0
4348,1656061508185468929,1
4349,1656085635621584904,1
4350,1654505771076288512,0
4351,1656085887858491392,1
4352,1656086627616186369,0
4353,1656084841362800643,1
4354,1656086478123061250,1
4355,1656080287468756993,1
4356,1656079035863035904,1
4357,1656075884900564994,1
4358,1599237284724817921,0
4359,1655394512372473857,1
4360,1580678210894774274,0
4361,1656085865993469952,1
4362,1652883783023042561,0
4363,1656085637148311553,1
4364,1656008487854395394,1
4365,1655040778106724353,0
4366,1655242316200722437,1
4367,1656085019151015937,1
4368,1577415008149012482,0
4369,1646528679781236737,0
4370,1656062151629639682,1
4371,1656080152814600193,0
4372,1655573150690680835,1
4373,1656084168709918720,0
4374,1552442107356450817,0
4375,1656073294741741568,1
4376,1656084175429189633,0
4377,1656084497195229184,0
4378,1656058541600382980,1
4379,1656080977955880962,0
4380,1656083249414774784,0
4381,1656079606149939201,0
4382,1656084892642426882,1
4383,1656073587432759297,1
4384,1656079080868159489,0
4385,1607211237020172293,0
4386,1590315861583208448,0
4387,1656069643906285573,1
4388,1625896731773923328,0
4389,1656028154601910272,1
4390,1582366778197671937,1
4391,1656037049118408711,1
4392,1613427485420523522,0
4393,1640036641656979457,0
4394,1656073012087513089,1
4395,1644569873635500032,0
4396,1656084859129823233,1
4397,1605898328981454848,0
4398,1617711121347104771,1
4399,1656076060654465024,1
4400,1656070041970851840,1
4401,1654899769922265090,0
4402,1656034741118976000,1
4403,1549482598094839808,0
4404,1638651450329821189,0
4405,1606663236707049474,0
4406,1651650408933105664,1
4407,1481482406788009988,0
4408,1654866238332637184,0
4409,1642538017968603137,0
4410,1531131818430197760,0
4411,1656085924760158208,1
4412,1602139338422222848,0
4413,1618399048310091778,1
4414,1656024014001766400,1
4415,1656086443196817408,1
4416,1568251544306343936,0
4417,1593994036507193344,0
4418,1656083346806435841,1
4419,1656083763795730433,0
4420,1601259052524539904,0
4421,1636424769699454978,1
4422,1656021113770582018,1
4423,1656054154521919490,1
4424,1517354504311787521,0
4425,1656085051791007746,0
4426,1568605483488919557,1
4427,1623391742069186560,0
4428,1587192458345172994,1
4429,1527597003886272514,0
4430,1533815984687091713,0
4431,1494832396629274624,0
4432,1656035881436758021,1
4433,1593310116228497414,0
4434,1501349105012027393,0
4435,1590289033183518726,0
4436,1612619242020691969,0
4437,1656074686999023616,1
4438,1537055196165066752,0
4439,1511346851689152532,0
4440,1656084994434162688,1
4441,1656086091932356609,0
4442,1605438666087600128,0
4443,1633705510334783488,0
4444,1656079233414832129,0
4445,1656085840316211202,1
4446,1654607067284480001,0
4447,1656070073046667265,1
4448,1656086369071140865,1
4449,1625096844396351491,0
4450,1656016872242913282,1
4451,1548093438452568068,0
4452,1620942575384281095,0
4453,1511962557728370688,0
4454,1531379949696851968,0
4455,1586450787529822209,0
4456,1650346396602576898,0
4457,1526283889337147393,0
4458,1493952809959493634,0
4459,1656080591031349250,0
4460,1624128600285802496,0
4461,1656067588080689153,1
4462,1648636923785641984,1
4463,1596595391327240193,0
4464,1583181518675283968,0
4465,1499194336180908038,0
4466,1635487708134125569,1
4467,1656067846609448961,1
4468,1656079480748646404,1
4469,1656084017693827073,0
4470,1574553172730839056,1
4471,1656017900338126865,1
4472,1656084693874360326,0
4473,1543078448754700288,0
4474,1616430432563916802,0
4475,1636175100176211970,0
4476,1656084960389001216,1
4477,1656086610650202113,1
4478,1501173584055599108,0
4479,1656080080337260544,1
4480,1654837700480970755,1
4481,1630822238697013249,0
4482,1656065972875173890,1
4483,1656067847112605696,1
4484,1656085869928026112,0
4485,1645151701580623872,0
4486,1656085342951227393,1
4487,1605941825713410049,0
4488,1559996764727324674,0
4489,1655414285961404417,0
4490,1656084770462519296,1
4491,1646341293990113282,1
4492,1656082177321324546,0
4493,1656065817262391297,1
4494,1484537243914182666,1
4495,1655307270450970626,1
4496,1647010831136071681,1
4497,1656076247103856640,1
4498,1656082319793348610,0
4499,1656058552447033344,1
4500,1656083251675516928,1
4501,1656082221080408065,1
4502,1565442746537705473,0
4503,1656085099018952706,1
4504,1656085025173958656,1
4505,1597412213555339265,0
4506,1656080436991258627,1
4507,1533957239249182722,0
4508,1656077564773842944,1
4509,1656080338005917696,1
4510,1656081458664988672,1
4511,1656003984002363392,0
4512,1656085109924044801,1
4513,1656084834433785856,1
4514,1615449539665854464,0
4515,1656084807301107712,1
4516,1569429045732937728,0
4517,1620036616256471043,0
4518,1587189641521770496,0
4519,1595133551254859776,0
4520,1656073756052160514,1
4521,1656085761102426112,1
4522,1536548452167032835,0
4523,1519339028960534529,0
4524,1651139737250414592,1
4525,1644927251274760193,0
4526,1656075364894949376,1
4527,1656040687677079561,1
4528,1617881383405490180,0
4529,1573957873788395520,1
4530,1656085248973897728,1
4531,1656010829844852736,1
4532,1599601541312573440,0
4533,1525580971004657664,0
4534,1656085600171065346,1
4535,1656086245045334017,0
4536,1578289467189854208,0
4537,1628820582555963398,1
4538,1568858403623292929,1
4539,1656065225056043008,1
4540,1656085766508822531,0
4541,1552323027504955393,0
4542,1564629344743571457,0
4543,1540771954952704000,0
4544,1618053429829697536,0
4545,1656063054965100544,1
4546,1654821028034490368,0
4547,1656067159460663298,1
4548,1656085447280582660,1
4549,1651554248591589378,0
4550,1656077418866569216,1
4551,1582890908462116870,0
4552,1600550596137783297,1
4553,1656072034680557569,1
4554,1656080353621057537,1
4555,1656047683918807054,1
4556,1654553934302683137,0
4557,1547267450537926656,0
4558,1540861626378817537,1
4559,1637939894583533571,0
4560,1630974113518084102,0
4561,1554755897917849600,0
4562,1656073746539577344,1
4563,1656086505855623169,1
4564,1656073421011267584,1
4565,1656014231932641283,1
4566,1656085506742951937,0
4567,1656069411487518720,1
4568,1558475350035668992,0
4569,1582391640773099521,1
4570,1656082614279708679,0
4571,1615712891516194817,0
4572,1576796991438348289,0
4573,1655188788925308929,0
4574,1565845607746416640,0
4575,1541555395088596993,0
4576,1656086393674944512,1
4577,1656071857840291846,1
4578,1625293043094941697,1
4579,1574880010137227265,0
4580,1656067056163332097,1
4581,1656027182559272960,1
4582,1656081873037058048,0
4583,1655063160460804104,0
4584,1516220033344622593,0
4585,1572320190150295552,0
4586,1656069400842100736,1
4587,1656076876308414464,1
4588,1656083619440390146,1
4589,1656085749228355584,1
4590,1656078781486972928,1
4591,1649327811348566016,0
4592,1656082201874771970,0
4593,1656086587870937089,1
4594,1645404662470938624,0
4595,1656085886654889988,1
4596,1576618249785167872,0
4597,1575103889833005056,0
4598,1622956873971367936,0
4599,1637670393266728961,0
4600,1656080558366117890,1
4601,1545526557380329475,0
4602,1570659605851807744,0
4603,1605005061821984769,0
4604,1552702190321602561,0
4605,1583637731892396033,1
4606,1636082343071961089,0
4607,1656079623665459207,0
4608,1626594935637159937,1
4609,1656084778196643840,1
4610,1656082952407912448,0
4611,1656075997081370627,1
4612,1655956231364960256,0
4613,1656086160731435008,1
4614,1635294279986970624,0
4615,1570439148212731904,1
4616,1629953889826119680,0
4617,1656069595260764160,1
4618,1585243690963976195,0
4619,1656059839586660352,1
4620,1655156021105655808,0
4621,1656085834150412288,1
4622,1630851857391165441,0
4623,1601318405461925888,0
4624,1656010548780179479,1
4625,1652974979326066694,1
4626,1523990931812216832,0
4627,1656006627508486144,1
4628,1575338338780848128,1
4629,1656066681058344962,1
4630,1652023073174896650,1
4631,1656085058409619458,1
4632,1656080466443747328,1
4633,1616345239882502145,0
4634,1577111792446234624,0
4635,1577011854911705089,0
4636,1656009391579996160,1
4637,1651992918545117188,0
4638,1656084761020964865,1
4639,1656011133298384910,1
4640,1656072900556800003,1
4641,1557497100879155201,0
4642,1656024425152512000,1
4643,1650486140254965760,0
4644,1656085716462452737,1
4645,1593342444367650824,1
4646,1557847736560394241,0
4647,1609366397444067330,1
4648,1639319548313870336,0
4649,1656031675447476226,1
4650,1648068986444152834,0
4651,1580683548566102027,0
4652,1654851733456125954,0
4653,1656028080857575426,1
4654,1499152667003686916,1
4655,1656085750528483329,1
4656,1655858414520610818,0
4657,1656059821685374976,1
4658,1567508037656518658,0
4659,1656080238135373824,0
4660,1656085131747024899,1
4661,1656086388515942401,1
4662,1656086131224584192,1
4663,1656086001846984707,0
4664,1656073772133122050,1
4665,1631212152441774080,0
4666,1611467660335742976,0
4667,1656086083904450560,1
4668,1656085902525865985,1
4669,1482409790236246017,1
4670,1585487487643811840,0
4671,1644272409288032256,1
4672,1496569530419752964,1
4673,1603813105812881436,0
4674,1522912891061641218,0
4675,1656080777908748288,0
4676,1640379681219260418,0
4677,1656080315117449216,0
4678,1655596472354709507,0
4679,1656085762776137728,1
4680,1656066388954316800,1
4681,1639632098029076481,0
4682,1656081779646709760,0
4683,1504582978042621968,0
4684,1654510170226184193,0
4685,1656085494776623104,1
4686,1555569435221663744,0
4687,1656080391638507523,0
4688,1656019820259811330,1
4689,1656045405392519175,1
4690,1656079411160948737,1
4691,1656073861216055298,1
4692,1656084380488708096,0
4693,1656079439946547201,0
4694,1656079384065744896,1
4695,1656030925489070080,1
4696,1612434439245553665,0
4697,1528706192863657984,1
4698,1653806631904325649,1
4699,1656085769658695681,0
4700,1656047194779074575,1
4701,1516283302054825985,0
4702,1596466937261068288,0
4703,1560616780334112768,0
4704,1652772580166864897,0
4705,1656083548347019270,0
4706,1537304888161484806,0
4707,1537585923248242688,0
4708,1582802792972185600,1
4709,1538916832907755522,0
4710,1633507173996146689,0
4711,1656085662632747008,1
4712,1652531994914603012,0
4713,1656010798894858241,1
4714,1542110024725630977,0
4715,1656084850376310785,1
4716,1545164113248231425,0
4717,1650570387577528334,1
4718,1656086309721473027,0
4719,1572684298343579648,1
4720,1655983344608215087,1
4721,1608886393501253633,0
4722,1593361804872151041,0
4723,1568629632441745409,1
4724,1656085649638793216,0
4725,1656085159513300994,1
4726,1544220042094469121,0
4727,1641089283510489088,0
4728,1656079962175156225,0
4729,1656084733862838273,1
4730,1656085498337849349,0
4731,1656086180566294530,1
4732,1595741602349305858,0
4733,1533974158794702849,0
4734,1490369956168482822,1
4735,1634582025297620992,0
4736,1653865606985265153,1
4737,1656031276304932865,1
4738,1649130137743691777,0
4739,1656066227901530113,1
4740,1656079331884429312,0
4741,1656086400385835008,1
4742,1570676325320654848,1
4743,1656047423473500171,1
4744,1656081985566134272,1
4745,1540252858704171009,0
4746,1656080162859937793,0
4747,1653734230613176320,0
4748,1656082575037808641,0
4749,1648805894719676416,0
4750,1656050565351198721,1
4751,1656084849227096067,1
4752,1651963365298941953,0
4753,1487328652534509569,0
4754,1523647223778619392,0
4755,1656027978013331458,1
4756,1653351343229222913,0
4757,1503399363875287042,0
4758,1643641648667131904,0
4759,1656065630930444288,1
4760,1640635745751928832,0
4761,1588261791691411456,0
4762,1583534960547606528,0
4763,1656086237881548800,1
4764,1656086044255703041,1
4765,1655046524689162240,0
4766,1641079864017952768,0
4767,1633244143504748544,0
4768,1656029597346013184,1
4769,1598133162768732162,0
4770,1656085488921370624,1
4771,1654890141582868482,0
4772,1656040860507619345,1
4773,1656084933306355712,1
4774,1656084012547317761,0
4775,1656040204874989588,1
4776,1656085045122314242,0
4777,1652048574824194080,1
4778,1656083714185519106,1
4779,1656038095932776448,1
4780,1656085660523175936,1
4781,1656085637584519168,0
4782,1636628100992647169,0
4783,1553842881970028549,0
4784,1561194024622469120,0
4785,1632437445403738114,1
4786,1577461882230902790,0
4787,1656086194709737472,0
4788,1640819225454432258,0
4789,1534229979197804544,1
4790,1656085929730392064,1
4791,1605452829254000640,0
4792,1630580794690535424,1
4793,1656014880800137221,1
4794,1574058186650402818,1
4795,1655967002387701760,0
4796,1608866251182325761,0
4797,1590550252280741890,0
4798,1543188309236715523,0
4799,1636847070060466176,0
4800,1656085834020585472,1
4801,1656067732033634304,1
4802,1656086418823733249,0
4803,1652647488241774594,1
4804,1573689241548234759,0
4805,1635185205542797312,0
4806,1654872970446159880,0
4807,1656029076673511424,1
4808,1656085737459048449,1
4809,1558683214973177856,1
4810,1656010984753070081,1
4811,1653038934622912512,0
4812,1656067840405823489,1
4813,1559022303249371137,0
4814,1628807146543661056,0
4815,1654500183982370816,0
4816,1656086156369428481,1
4817,1562646835566886912,0
4818,1564637211538210818,1
4819,1646791707692761090,0
4820,1656068766835396608,1
4821,1540624895868035072,0
4822,1656042910079414272,1
4823,1656055662202191872,1
4824,1598717878412394496,0
4825,1656053537976078337,1
4826,1617577527202938898,0
4827,1580382716797030402,0
4828,1656085479832338432,1
4829,1655992084145242132,0
4830,1656086127864954880,1
4831,1655696165780746241,0
4832,1654783360999342086,0
4833,1484456508700119042,0
4834,1530569337265864704,1
4835,1530981702125899777,0
4836,1656082108203565057,0
4837,1656085431967182849,0
4838,1573083172081893378,0
4839,1618323386668572687,0
4840,1573780594990923776,0
4841,1656057696922075136,1
4842,1625679074382290946,1
4843,1606821936331653122,1
4844,1656084963442270210,1
4845,1653225485063839744,0
4846,1638541626787213320,0
4847,1656022708122001422,1
4848,1572306185054814211,1
4849,1593811705842176002,0
4850,1623760197532393472,1
4851,1656007562230218753,1
4852,1656035386592772105,1
4853,1564613283579154443,1
4854,1655380545457516545,0
4855,1597342894272417793,1
4856,1656084741546999808,1
4857,1656038435373629453,1
4858,1600223632667516929,0
4859,1656084986813095937,0
4860,1589256533526908928,0
4861,1656085174604685314,1
4862,1483474779751403523,0
4863,1604236269692780544,0
4864,1656083047551315968,0
4865,1656080306812641284,0
4866,1656084211428651008,1
4867,1656084429423489024,1
4868,1568449034234523648,1
4869,1655456569184894976,0
4870,1639773165504319493,0
4871,1646419092600127488,0
4872,1656040414636326928,1
4873,1538715461722021889,0
4874,1656078170502692865,1
4875,1656084292186050562,0
4876,1522365781341839360,0
4877,1572557067369553924,0
4878,1656083494009749507,0
4879,1656085094640099330,1
4880,1656084634843910144,0
4881,1572478857210662912,0
4882,1654171174341836806,0
4883,1654539745521958919,0
4884,1654499129173725190,0
4885,1656084952520204291,1
4886,1579805357601624065,0
4887,1656086298913042432,0
4888,1518991551703269378,0
4889,1565864102962028550,0
4890,1654464018386415619,0
4891,1656085224122626048,1
4892,1535037820896673823,0
4893,1628670000239091714,0
4894,1544967275056332801,0
4895,1651815651470876678,1
4896,1656059533322485766,1
4897,1656083628017721344,0
4898,1641503304222928896,1
4899,1656085880585564166,1
4900,1619786469044023296,0
4901,1579644199837700096,0
4902,1656086039558070272,1
4903,1656079153244798977,0
4904,1565342476957007877,0
4905,1656086452868874243,1
4906,1656069822869041152,1
4907,1611614956075778049,0
4908,1656078057567035393,1
4909,1572211287303802882,1
4910,1487047814823690242,0
4911,1656080612376150018,0
4912,1656074794259951618,1
4913,1635014356277809153,1
4914,1653934599020453890,0
4915,1656086288406028289,0
4916,1656077147725873156,1
4917,1594441063007150081,0
4918,1499896549564125184,1
4919,1655361187104653312,0
4920,1656079863172964353,0
4921,1656069325004976128,1
4922,1656006650447253504,0
4923,1656020444233834540,1
4924,1656078708480831490,1
4925,1643821572485009409,0
4926,1628130452585451520,0
4927,1595749504090869760,0
4928,1491910698338861060,0
4929,1656066237607170049,1
4930,1542657573672947712,0
4931,1605341349834010624,1
4932,1654853553440038912,0
4933,1620096233397166080,0
4934,1608546969038757892,0
4935,1589804354563100674,0
4936,1656039132768944132,1
4937,1570062217394929664,1
4938,1656085538967805955,1
4939,1642957163625586699,0
4940,1582466658160943105,1
4941,1656075402128031745,0
4942,1656046635065982989,1
4943,1656086346925064197,0
4944,1656033048893489153,1
4945,1608947291792236544,0
4946,1618859800607047683,0
4947,1656079960660910081,0
4948,1656085203054473217,0
4949,1656065270887116800,1
4950,1574904147522068495,1
4951,1642707010104836103,0
4952,1647938238881972231,0
4953,1655956525725388802,1
4954,1656081751150665731,1
4955,1621678310005547011,0
4956,1625516719425855491,0
4957,1586753052874362886,1
4958,1656086499312521217,1
4959,1656073478359986177,1
4960,1656085641472495618,1
4961,1650312857823617025,1
4962,1499672609646161923,0
4963,1606382856237944863,1
4964,1656067716309213184,1
4965,1656025791912656920,1
4966,1580696229788667906,0
4967,1656086371831017472,1
4968,1479187359895719939,1
4969,1656071149590118407,1
4970,1652704366284148738,0
4971,1656085085928431625,1
4972,1656086272103034880,1
4973,1495589478689394696,0
4974,1534993484842778631,0
4975,1569717580352618500,0
4976,1590549947229032451,0
4977,1628488617101348864,0
4978,1581476626730291205,0
4979,1656085845714288640,1
4980,1656064682053054464,1
4981,1656085229491335170,1
4982,1540279269871452160,0
4983,1656039859461537794,1
4984,1656074427711336449,1
4985,1656079378785157121,0
4986,1571936393080832001,1
4987,1628595926955589634,0
4988,1586930311975370752,0
4989,1482560239027331075,0
4990,1557123542659076098,1
4991,1656076718074118144,1
4992,1578474777240809472,1
4993,1656079065122746368,0
4994,1507041419571216389,1
4995,1580659535412281344,0
4996,1656085985124315137,1
4997,1656079410372517888,0
4998,1656079775092592640,1
4999,1655580563741212677,0
5000,1656017406081343502,0
5001,1587715232109142018,1
5002,1656064224089583617,1
5003,1482927199422402570,0
5004,1656019391358672908,1
5005,1656069455720620034,1
5006,1570355791005196288,1
5007,1622883798705643520,0
5008,1656085796749819905,0
5009,1656059431828766720,1
5010,1585293386373742592,1
5011,1656086098882224129,1
5012,1557056824867708928,0
5013,1510976962520653825,0
5014,1509241408208588800,0
5015,1656025388965830656,1
5016,1637185302044262400,1
5017,1596696607793500161,0
5018,1584646888074055680,0
5019,1585419768575791105,0
5020,1656086433130590208,1
5021,1656083862458634240,0
5022,1622406925936918530,0
5023,1656013856236269568,1
5024,1652155572005883905,1
5025,1587421587544117250,0
5026,1656080446864646145,1
5027,1656085932146139136,1
5028,1656072884534558723,1
5029,1656084168218910720,0
5030,1656005452331720720,1
5031,1656077964369354752,1
5032,1556301920423272449,0
5033,1546768357155672064,0
5034,1591937393057300482,0
5035,1656070672194457600,1
5036,1535999688167530496,0
5037,1656085218770518018,1
5038,1572704548128440321,0
5039,1656072771581911041,1
5040,1656040657096507393,1
5041,1656082543878508547,1
5042,1656073649252646915,1
5043,1572999831890857985,1
5044,1592124995299598338,0
5045,1656026642592980993,1
5046,1656029618762133512,1
5047,1589812986406993920,0
5048,1651982994087849987,1
5049,1656065720092860417,1
5050,1521751972935839744,0
5051,1655822599497170945,1
5052,1656066794694606848,1
5053,1565073888433807362,0
5054,1633218535819280387,1
5055,1656045837556826127,1
5056,1656081169673322496,0
5057,1656086224417828865,1
5058,1628834064663777282,0
5059,1610556140592431104,0
5060,1655328146277761029,0
5061,1654145963252932611,0
5062,1569755060309217281,0
5063,1628447532194856961,0
5064,1656080015409446912,0
5065,1540853853721186308,0
5066,1566119848899661824,0
5067,1656042879423488001,1
5068,1656077955536240641,1
5069,1656085122519539713,1
5070,1497438630989602819,0
5071,1501479721313640449,0
5072,1656084541940039680,0
5073,1631786789106077697,0
5074,1596256813883719682,0
5075,1578513028353757185,1
5076,1656082172883640321,0
5077,1656077688644182016,1
5078,1570264379060527110,0
5079,1591458125273497601,0
5080,1656084886879617025,0
5081,1649066080491454466,0
5082,1656075748862574596,1
5083,1656080496982474753,0
5084,1654849737789431808,0
5085,1656078372387057665,1
5086,1588517558017458177,0
5087,1656085194061799426,1
5088,1656084953267064832,1
5089,1648488176015790082,1
5090,1656085990664962050,1
5091,1593094744858537984,0
5092,1600934970306220033,1
5093,1610486593407823873,1
5094,1656085047420616704,0
5095,1553786506443214851,0
5096,1655975041211809792,0
5097,1656084843459928066,1
5098,1541771484972158986,0
5099,1656040035869704206,1
5100,1655085964170018817,0
5101,1656083421842767872,0
5102,1656027181565222913,1
5103,1571907017861726210,1
5104,1641841835130617867,0
5105,1656079932915847169,0
5106,1656082580633001984,0
5107,1655194335959298051,1
5108,1656086320416972805,1
5109,1513855504669458440,0
5110,1656086461127741440,0
5111,1590026375674859522,0
5112,1656084671447310336,1
5113,1656086051293896704,1
5114,1653228438314942466,1
5115,1656080953838563328,1
5116,1656077022878404609,1
5117,1656068420113166341,1
5118,1590867326379102209,1
5119,1623321514211934208,0
5120,1656085888139395080,1
5121,1656015091811209216,1
5122,1656082945176915970,0
5123,1629941366879862785,0
5124,1656085008409296896,1
5125,1656085879411056643,1
5126,1630136869240590337,0
5127,1558385455154008066,0
5128,1656067963429040128,1
5129,1559696264673071110,0
5130,1656031454260805633,1
5131,1562711516138205185,0
5132,1656085617653198848,1
5133,1635352530208325634,0
5134,1656084806097330176,1
5135,1582036576330473475,0
5136,1607922222508789767,0
5137,1656015813969682467,1
5138,1537214797653344256,0
5139,1656016113946492929,1
5140,1632763722027479040,0
5141,1646617396587921408,0
5142,1656081944470335488,0
5143,1629724016574447617,1
5144,1620148983862788096,0
5145,1549701503816011780,0
5146,1656085843038072834,1
5147,1656077472708927494,1
5148,1514632078255480834,0
5149,1656086347327877120,1
5150,1656084729643368449,1
5151,1499709420950929416,0
5152,1483861881068703744,0
5153,1617908453980385281,0
5154,1622079949971791872,0
5155,1656085125161992192,1
5156,1565459750489591809,0
5157,1656085855650324482,1
5158,1656085638293102597,1
5159,1655493707125215234,1
5160,1656081202682515456,1
5161,1656086535698280448,1
5162,1583554982804041728,0
5163,1577943698607947777,0
5164,1656047005003595780,1
5165,1575454035599130627,1
5166,1656012865239752706,1
5167,1588706748474724352,1
5168,1529567264286154758,0
5169,1656085540494618625,1
5170,1656040961070252034,1
5171,1600593741659705358,0
5172,1656083465278717952,0
5173,1656080281173135361,1
5174,1591865981240225793,1
5175,1656015282043863040,1
5176,1654533104122449920,0
5177,1495489816229818371,0
5178,1656083587605700608,0
5179,1656086001830223872,1
5180,1656080792005509125,0
5181,1651260784595333120,0
5182,1630633814639931392,0
5183,1655792124523331584,0
5184,1591431915407806464,0
5185,1568690934715482115,1
5186,1656085173019217920,1
5187,1655316671517564935,0
5188,1656079270392008705,0
5189,1656086528807034880,1
5190,1656086063591432192,1
5191,1648235664469553153,1
5192,1656086245762646016,1
5193,1648941593083236354,1
5194,1655536391726542850,0
5195,1608628083531337729,0
5196,1656084398654083072,1
5197,1588691202320535553,0
5198,1656077499036737536,1
5199,1656010143044362241,1
5200,1622678286676692992,0
5201,1600967872616214528,1
5202,1656053145217146883,1
5203,1656070790608048131,1
5204,1656030810871570432,0
5205,1560022007198130176,0
5206,1656086292097118211,1
5207,1656052252652478467,1
5208,1656083070683074563,1
5209,1573287721820626949,0
5210,1656084956727189505,1
5211,1549752234388471808,0
5212,1656080208259055617,0
5213,1656081310639636480,0
5214,1604216048768749569,0
5215,1656040873702899726,1
5216,1656077995344293889,1
5217,1656048208005480459,1
5218,1656085813598232576,1
5219,1656040771848421386,1
5220,1656007031113785346,1
5221,1656072006943625225,1
5222,1656021155806076928,0
5223,1656076218649772033,1
5224,1505841462931505152,1
5225,1557515037987594241,0
5226,1637142865443692544,0
5227,1656084768558133251,1
5228,1656069291551145984,1
5229,1489246577948430339,0
5230,1656070234229428224,1
5231,1488563655281106945,0
5232,1542863375981580288,0
5233,1593067494855655426,0
5234,1516642111457746946,0
5235,1656061394473697280,1
5236,1516850484882989058,0
5237,1656019884478799877,1
5238,1656081912316809216,0
5239,1656086126657171456,1
5240,1651297348138434562,0
5241,1595818918190489600,1
5242,1656084865752895489,1
5243,1589783104939786240,0
5244,1649313269054570496,0
5245,1656086529591083009,1
5246,1656086198681493505,0
5247,1656084961340915713,1
5248,1574461273613504530,0
5249,1636536602678755330,0
5250,1656086465745686528,1
5251,1656070117711544320,1
5252,1613279585835290627,0
5253,1656080667392843776,1
5254,1656081260668678144,0
5255,1647773154977144832,0
5256,1501589137400475656,0
5257,1649340194284290048,0
5258,1552580166223888385,1
5259,1509661930864222216,0
5260,1509260448549408768,0
5261,1656085397825531904,1
5262,1654833952727896065,0
5263,1656083649144446977,1
5264,1656086067127410688,1
5265,1656086613196152833,0
5266,1656071887917572096,1
5267,1656085996402888704,1
5268,1516119588215398403,0
5269,1654841750098178049,0
5270,1656079865853132801,0
5271,1651318453733564416,1
5272,1593291753460617217,0
5273,1656085490481655809,1
5274,1656085745839505409,1
5275,1574257865786888193,0
5276,1483458654678441990,0
5277,1481496962088464386,0
5278,1656029848081424384,1
5279,1656082361203802113,0
5280,1656086261210251264,1
5281,1571818139499008000,0
5282,1656067785254944768,1
5283,1644297283037548547,0
5284,1656081112622329859,0
5285,1656077248426913794,1
5286,1656080635981692929,0
5287,1550999113059237890,0
5288,1656086011787591680,1
5289,1650913636091674629,0
5290,1656062919598129154,1
5291,1650395382780682240,1
5292,1656081304759222273,1
5293,1654534853390368773,0
5294,1498336751256944647,0
5295,1656083495255437312,0
5296,1654784751759159300,1
5297,1656028183756685313,1
5298,1656084575578120194,1
5299,1502332633799270405,0
5300,1574697634991902721,1
5301,1654839619807232001,0
5302,1656059779180109827,0
5303,1540138202240978944,1
5304,1631354957004775424,0
5305,1637682926631387136,0
5306,1656079347059511297,0
5307,1656073678382153728,1
5308,1656031040463314944,1
5309,1643651008038354950,0
5310,1651641726493130752,0
5311,1656083689653305346,0
5312,1656085184780075008,1
5313,1626597987052048390,0
5314,1656076431548375040,1
5315,1544360860147146753,0
5316,1571408286947201026,0
5317,1649092453855821824,1
5318,1656084141970972673,0
5319,1656084293532241920,0
5320,1497126723325943830,0
5321,1564618861403668494,1
5322,1656026303168933889,1
5323,1656064453920673805,1
5324,1656085457430798337,1
5325,1590058406647590913,0
5326,1656085329823055875,1
5327,1656080113752997888,0
5328,1656078165612064771,1
5329,1656053267800166406,1
5330,1654936298388439047,0
5331,1656076353844781059,1
5332,1569030309240360961,1
5333,1492617519139459072,0
5334,1640427275102371866,0
5335,1654851302961053699,0
5336,1613718733192568832,0
5337,1656086511064948736,1
5338,1656067012517322752,1
5339,1656085244993216513,1
5340,1656085061266014209,1
5341,1574562918762708992,1
5342,1656079275731353600,1
5343,1656085126718304257,1
5344,1656085904769921024,1
5345,1656065334938333185,1
5346,1656081553133539328,1
5347,1656086410804207616,1
5348,1656085497079291905,1
5349,1656084765416587269,0
5350,1576675592006926336,1
5351,1584530443436789762,0
5352,1656085334663331842,1
5353,1656033131453923339,1
5354,1656083877155205120,0
5355,1656068078491557889,1
5356,1654562363746533383,0
5357,1656082221764050946,0
5358,1656082962864128005,0
5359,1500876093741572099,0
5360,1595760595328204803,0
5361,1656068285987799043,1
5362,1648809992147939328,0
5363,1656086476508000256,1
5364,1656078297443315712,1
5365,1566880695817052163,1
5366,1656006843875880965,1
5367,1656007105327898637,1
5368,1610305154888122368,0
5369,1656085815267663873,1
5370,1656077337241309184,1
5371,1644649197986086918,0
5372,1656035786985177088,1
5373,1646570238123864064,0
5374,1628274907950850051,0
5375,1587041475312820224,1
5376,1656006712443150336,1
5377,1485939895642497024,0
5378,1626346172414664706,0
5379,1508091159658340360,0
5380,1554514570911387648,0
5381,1655698822683664391,1
5382,1516430303354621954,0
5383,1656068715044036608,1
5384,1538282102407704577,0
5385,1656051647938990080,1
5386,1557436622530027522,0
5387,1656081591876165637,0
5388,1651038315213193220,1
5389,1656084673536176132,0
5390,1649123479785181184,1
5391,1656083044464316421,0
5392,1595605873509949440,1
5393,1656069371410644993,1
5394,1656069415555809280,1
5395,1656031018887835648,1
5396,1646901024047656960,1
5397,1646613183170510849,0
5398,1591127386204299264,0
5399,1656084675738365952,1
5400,1650647359976767489,1
5401,1656068079191769089,1
5402,1656086528114716674,1
5403,1655358231487627266,0
5404,1585589633446203392,0
5405,1656086101184880641,1
5406,1654556755769032708,0
5407,1656086573371346944,1
5408,1656075950784929792,1
5409,1656078702311088130,1
5410,1650519251550375936,0
5411,1656069247758487554,1
5412,1573013428482068482,1
5413,1656080817263726593,0
5414,1578225656692965376,0
5415,1656084832835780608,0
5416,1509296432645349378,0
5417,1656085833659691008,0
5418,1513901640377532422,0
5419,1564616935458934784,0
5420,1562473303859597312,0
5421,1519752635728994305,0
5422,1629419344919769092,0
5423,1577902996201132035,0
5424,1537539025174679552,0
5425,1641922717346680832,1
5426,1656084499657109504,0
5427,1577349417065234441,0
5428,1656085621339983872,0
5429,1656029869309050880,1
5430,1543344594460573701,1
5431,1656084967653351425,1
5432,1656076824613404675,1
5433,1521776903396470791,0
5434,1656067313412472833,1
5435,1556748538515636224,0
5436,1635642274347630594,1
5437,1656082631350689792,0
5438,1488507565243731968,0
5439,1656022438809935894,1
5440,1656057373587386368,1
5441,1656079333436342272,0
5442,1608502448716677120,0
5443,1624554391129980928,0
5444,1656047530839293967,1
5445,1656077865731989504,1
5446,1656086439346556928,1
5447,1656086311525322752,1
5448,1484777517177348099,0
5449,1656068986390425600,1
5450,1626928818597371904,1
5451,1649834559691685894,0
5452,1605502575863730177,0
5453,1654578813349826560,0
5454,1656033968049758208,1
5455,1656080575965564930,0
5456,1560266565961936899,0
5457,1587912444432863232,0
5458,1654433119368536064,1
5459,1656011705833357315,1
5460,1656086572260032512,1
5461,1656085459804749824,1
5462,1561754966561361921,0
5463,1656086252834152448,1
5464,1656067990029213698,1
5465,1506492091119149056,1
5466,1656083970079981569,0
5467,1656085715124473857,1
5468,1656086523039686657,1
5469,1479190668534759425,0
5470,1656085366246461440,1
5471,1656083810386149376,0
5472,1656069845060820996,1
5473,1656066932972347397,1
5474,1656085992489603075,0
5475,1656085230501937154,1
5476,1656085218309095429,0
5477,1550024078832066561,0
5478,1580788893221523457,0
5479,1656061248440782849,1
5480,1555864392771588096,0
5481,1656086050043830273,1
5482,1656073513420062721,1
5483,1656067064019255296,1
5484,1574547730432655525,0
5485,1656084785889157120,1
5486,1513843828494671873,0
5487,1547323367509860352,0
5488,1563937213368377347,1
5489,1589223614284705792,0
5490,1656086153575948289,1
5491,1513821147212615680,0
5492,1533233472856276992,0
5493,1656076902686248960,1
5494,1653755043324067840,0
5495,1606752541483864065,0
5496,1656080373154193409,0
5497,1656082444486057986,0
5498,1647693754361344002,1
5499,1655704271269113857,1
5500,1656058591470579713,1
5501,1656050798730551299,1
5502,1484154289148739586,0
5503,1656038010478051343,1
5504,1656084703735320577,1
5505,1656066152215265285,1
5506,1646379198712532992,1
5507,1656085810456739842,0
5508,1605579725220548608,0
5509,1551209430926196737,0
5510,1656026384181886978,1
5511,1631980942620504064,0
5512,1609294044890386434,0
5513,1655051243163639810,0
5514,1572032984563290112,0
5515,1656006863647907846,1
5516,1478215913501601792,1
5517,1656085096359763968,0
5518,1558123645607845889,0
5519,1656073962709741570,1
5520,1502020390436155397,0
5521,1571516780962811905,0
5522,1543016373223309312,0
5523,1637045382407507970,1
5524,1507242479455641604,0
5525,1595010533106847744,1
5526,1654638355534028801,1
5527,1539648899211636738,0
5528,1656081521403469829,0
5529,1656085239330926593,0
5530,1656085019830677505,1
5531,1656067559328718849,1
5532,1656056110292295681,0
5533,1648141191634903042,1
5534,1656081311470321664,0
5535,1656084639289622530,1
5536,1656086261197864960,1
5537,1656084930890448897,1
5538,1656047583058378796,1
5539,1654998815496183815,0
5540,1656036362330488840,1
5541,1656080039945945089,0
5542,1656072610378141696,1
5543,1547596964006465543,0
5544,1601018795304562688,0
5545,1641734468309491712,0
5546,1556538198976765952,0
5547,1548705001199095808,1
5548,1651532831271575553,1
5549,1621192952319033345,0
5550,1656072365250428929,1
5551,1517449457754771457,0
5552,1656085454502993920,1
5553,1540420243150864384,0
5554,1479473159728422921,1
5555,1574416268408782854,0
5556,1594011979458367489,0
5557,1656084900125216768,1
5558,1656032726409945090,1
5559,1656047795986415648,1
5560,1587390276980588549,0
5561,1602045932455223297,0
5562,1656061504876343297,1
5563,1481503040788045827,0
5564,1641746809226682369,0
5565,1553914112190533632,0
5566,1525489249255952384,0
5567,1580300715213586433,0
5568,1654707885761261568,0
5569,1491718306079772672,0
5570,1643607115221856256,1
5571,1609879194791718915,0
5572,1656030310360920065,1
5573,1587910761489260544,0
5574,1656076104686338048,1
5575,1656085351168110593,1
5576,1656079158554898434,1
5577,1656080179016486917,0
5578,1539973306622681088,0
5579,1582376401877237764,0
5580,1656085497192628226,1
5581,1655070191145943042,0
5582,1638950191892930573,0
5583,1553893280684834816,0
5584,1656014240380243969,1
5585,1656085323439276034,1
5586,1656083133056393217,0
5587,1656086230784700417,1
5588,1656086002371289089,0
5589,1562047654611234816,0
5590,1656076462884102145,1
5591,1656081050110504960,0
5592,1656079251659976706,0
5593,1595198599809351680,0
5594,1499161484177326087,1
5595,1656079748689276929,0
5596,1616680867874865154,0
5597,1639612298602979328,0
5598,1656068532340137985,0
5599,1656079042951671808,1
5600,1655918702062174210,0
5601,1640110511214690306,0
5602,1656069126836703232,1
5603,1656079877806727175,0
5604,1656080407685627905,0
5605,1656023734585524224,1
5606,1656084673687068674,1
5607,1594330264154431488,0
5608,1644469600577523715,0
5609,1525597792537812992,0
5610,1655709916273815553,0
5611,1629084995301113856,0
5612,1601999694661849088,1
5613,1503451714803937285,1
5614,1656041803890475019,1
5615,1641002501066326016,0
5616,1572870690990182400,0
5617,1656086631097700353,0
5618,1656085895223672835,1
5619,1656086004678131713,1
5620,1554936932450373632,0
5621,1656085672199954432,1
5622,1605885693166817280,0
5623,1656086522238574599,1
5624,1567932231729160192,1
5625,1545129881683509253,1
5626,1614122284603645957,1
5627,1656081138299854849,1
5628,1488965519575244806,0
5629,1654483260594958338,1
5630,1656085252023136256,1
5631,1656085051665272832,1
5632,1562077267232276481,0
5633,1580570884619714560,0
5634,1590380451856019458,1
5635,1656084946446843904,1
5636,1656059794275352576,1
5637,1605909770199879680,0
5638,1656085744056692737,1
5639,1627961975937400834,1
5640,1656085905738694656,1
5641,1656086112744484867,0
5642,1652592187186761728,1
5643,1656081240796323843,0
5644,1656086539775152128,1
5645,1480587368402989060,1
5646,1590316492603547648,1
5647,1656081791458111488,1
5648,1545509338600669186,1
5649,1576205112644554753,1
5650,1656086012248850435,0
5651,1656072682188820486,1
5652,1646579654994657281,1
5653,1579473513794404353,1
5654,1656061658752483329,1
5655,1656039979385012260,1
5656,1594668447186980864,0
5657,1561704882360426497,0
5658,1656035414275178510,1
5659,1651181941842952195,1
5660,1654538217524428809,0
5661,1656082704784412672,0
5662,1656085145454014464,1
5663,1656085171878367232,1
5664,1560713982960230401,0
5665,1656085367672516608,0
5666,1529093825188200448,0
5667,1632067131058561025,0
5668,1656084889731575810,1
5669,1610726260082081801,0
5670,1635655157664055302,0
5671,1559940465889263618,0
5672,1656085602331246592,1
5673,1577913424356352001,0
5674,1637821085461929985,0
5675,1656082880643190786,0
5676,1656082544692187136,0
5677,1628963881312714753,0
5678,1656085067481972736,1
5679,1503386360794783749,0
5680,1503825523268534279,0
5681,1633985613224353792,0
5682,1656081409906286597,0
5683,1656082821570777088,0
5684,1656081991052193804,0
5685,1647795265926053896,1
5686,1656050920353062912,1
5687,1656081519629197313,1
5688,1619385829394350081,0
5689,1578320401012518912,0
5690,1656071381283491841,1
5691,1542097897298087936,1
5692,1590295626230927361,0
5693,1591093726423977985,1
5694,1656086400528162817,1
5695,1655930677928292352,0
5696,1545289260634456065,0
5697,1656085889104199680,0
5698,1652113190547861512,0
5699,1656085197551714304,1
5700,1656073289842798596,1
5701,1496244441216024577,0
5702,1637564659422179329,1
5703,1606721851421560832,1
5704,1589752890155061248,0
5705,1656086469323407361,0
5706,1578360962289106951,0
5707,1656083561215057921,0
5708,1578098227336953856,0
5709,1656084050648481795,0
5710,1572070451366744065,1
5711,1656080802457985025,0
5712,1612660986519130112,0
5713,1497312350474584070,1
5714,1656081667176513536,0
5715,1656043576927633412,1
5716,1633958842462785536,0
5717,1554514622765363200,0
5718,1558249492314472449,0
5719,1655904232912875520,0
5720,1656085194141564928,1
5721,1502000122577637378,0
5722,1576240662751895553,0
5723,1656085997703278592,1
5724,1656018530544885789,1
5725,1656086499086020612,1
5726,1656085142367272965,1
5727,1656018469723283469,1
5728,1536642168768561153,0
5729,1656085671553974272,0
5730,1656086359042584576,1
5731,1526053653387386882,0
5732,1656037401209257987,1
5733,1640007346247065600,0
5734,1531138034456043521,0
5735,1656086371054780416,1
5736,1656086306240471042,1
5737,1656085488388780032,1
5738,1655711069682413569,0
5739,1618341788540076034,1
5740,1656084321621651457,0
5741,1575621595913240581,0
5742,1636013996112322560,0
5743,1656084256295198720,0
5744,1528782819245293569,0
5745,1569624070513197056,0
5746,1585559137424769025,1
5747,1655184194740297729,0
5748,1656085536686374912,1
5749,1494801414060609538,0
5750,1621602013627797504,0
5751,1656072808164720641,1
5752,1656076112382894086,1
5753,1651113499064688640,0
5754,1656072192029782017,1
5755,1651273502576738304,1
5756,1656085422504812544,1
5757,1655368222974291968,0
5758,1631656009314754562,0
5759,1593601289463775232,0
5760,1639754808126046214,1
5761,1656079876221198338,0
5762,1604480413753552896,0
5763,1563289781513072640,1
5764,1486516783880163329,0
5765,1603474493519073280,0
5766,1501466092019064832,1
5767,1571856687996497922,0
5768,1553115182469193729,0
5769,1656083321934303233,1
5770,1656073413096800257,1
5771,1562105331001573382,0
5772,1482150380666597378,1
5773,1656085707943817216,1
5774,1656085835748462593,0
5775,1656081992184913921,0
5776,1654975856047976448,0
5777,1653660931686301699,0
5778,1656084919385468928,0
5779,1656082608642486273,0
5780,1562723443665424384,0
5781,1628438484628152323,1
5782,1656086211658653696,1
5783,1656083699799310337,1
5784,1656043843954053120,1
5785,1656085207668211713,1
5786,1656038649522208786,1
5787,1524401221410476033,0
5788,1585018119201980416,0
5789,1656080377021079553,0
5790,1599893092886257692,0
5791,1656083358596694017,1
5792,1656076413227741186,1
5793,1656080047885746180,0
5794,1655706979510415361,0
5795,1573856984398528512,1
5796,1641183498944798721,0
5797,1478231727847866368,0
5798,1561748792768086016,0
5799,1656085786742104065,1
5800,1656085173857861635,1
5801,1635101372453617664,0
5802,1574911204505657344,1
5803,1656086624697192448,0
5804,1642958163350781953,0
5805,1539909145360474112,0
5806,1656085812285698048,1
5807,1656081377845018627,1
5808,1650171859042746368,1
5809,1656086500251934721,1
5810,1656079384145727488,1
5811,1656086210714935298,1
5812,1653315127171600384,0
5813,1561503681316536320,0
5814,1615465593066651649,0
5815,1656048987986616321,1
5816,1656086022537506816,1
5817,1656086478399631360,0
5818,1608166125904486402,0
5819,1656085556684570624,1
5820,1616148386184589312,0
5821,1655807829566185475,0
5822,1552411946988838912,0
5823,1545002659035418626,1
5824,1656072593785475072,1
5825,1587331760865492993,1
5826,1656042342019678208,1
5827,1656055748118433793,1
5828,1627323879097274369,0
5829,1656086615037472769,1
5830,1591507150962151424,0
5831,1656081194310676482,1
5832,1656084742444552193,0
5833,1605640835529318405,0
5834,1564672814514421761,0
5835,1656086231095164931,0
5836,1567957518017503232,1
5837,1656070627902787585,1
5838,1654799288680034307,1
5839,1502754392100917248,1
5840,1536880387258863616,0
5841,1656085643825405954,1
5842,1647074000579772416,1
5843,1656066080635273216,1
5844,1549890248515223553,0
5845,1652238311078109184,0
5846,1633975230086500353,0
5847,1655675381389852672,0
5848,1568581230781923331,0
5849,1654824599836667904,0
5850,1656085924692873218,0
5851,1656029517528326144,1
5852,1614115881511944192,1
5853,1644565304276549633,1
5854,1518750216471515137,0
5855,1600036303235596289,1
5856,1654532431666356224,0
5857,1654613407642030080,0
5858,1656025033746071565,1
5859,1591500631667531776,1
5860,1574454586936414208,0
5861,1606522653858304002,0
5862,1545511452777353217,0
5863,1656066957811015681,1
5864,1648414987000463360,1
5865,1656052598057623555,1
5866,1568221937759064065,0
5867,1554816888768794624,0
5868,1519539216954568704,0
5869,1522037880847310854,0
5870,1656077817862410244,1
5871,1567895616021303298,0
5872,1656086233167044610,0
5873,1656086493729783809,1
5874,1572192661192196097,0
5875,1656050876094504964,0
5876,1610570461762707456,1
5877,1656058744176869379,1
5878,1643272272021696517,1
5879,1656081705521004544,0
5880,1656019873577959424,1
5881,1570111142453981184,0
5882,1656082850339274753,0
5883,1656085176479363074,1
5884,1511664355120717826,0
5885,1552511595858862081,0
5886,1656082101513379840,0
5887,1600887561869836297,0
5888,1656079585832759296,1
5889,1656027179648466957,1
5890,1656049672165683201,1
5891,1610440878941941761,0
5892,1654838872755388417,0
5893,1656081097590194176,0
5894,1598461422111019008,0
5895,1656086299898679297,1
5896,1611070175310381058,0
5897,1625157902012141569,0
5898,1655620655256051712,0
5899,1653229465726509056,0
5900,1656085016219099136,0
5901,1656084989971165184,1
5902,1656082076406370306,0
5903,1575315974387105794,0
5904,1656086450381750276,1
5905,1656085481216409600,1
5906,1656066844225163264,1
5907,1575155832219926531,1
5908,1656085371732500483,1
5909,1496000051964891138,0
5910,1562192996954939392,1
5911,1656070795775311874,1
5912,1656084686719033345,1
5913,1536814496533975041,0
5914,1656085311196397568,1
5915,1605389001770557441,0
5916,1656081077436403715,0
5917,1656086556455624706,1
5918,1656082649490784259,0
5919,1603388935438221313,0
5920,1561918237402714119,0
5921,1656067736231899137,1
5922,1656080405341282304,1
5923,1655943640395689986,0
5924,1640323167884279809,0
5925,1656033373431779330,1
5926,1483667800199622656,0
5927,1647095188295172096,0
5928,1565410646216396806,0
5929,1621586706339139597,0
5930,1613861341059588096,0
5931,1656085229180788738,1
5932,1656068617962659842,1
5933,1584069236174880768,0
5934,1656019379987914771,1
5935,1656085694987620357,1
5936,1656085953964912640,1
5937,1552987438913814528,0
5938,1583704633972731904,0
5939,1656085997279485955,1
5940,1497636713870462976,0
5941,1629278748133523457,0
5942,1656086312439681025,1
5943,1656043768062066693,1
5944,1656079593353117703,0
5945,1538129705425154048,0
5946,1517576310977339392,0
5947,1649593984254193664,0
5948,1656085821420871682,0
5949,1656022895972294663,1
5950,1492179866292215812,0
5951,1592339545366089728,0
5952,1545179191817248768,0
5953,1565206024621101057,1
5954,1656078431128375297,1
5955,1560761810499821569,0
5956,1547632369888219140,0
5957,1656085259157381120,1
5958,1565065178860986378,0
5959,1638951982114435073,1
5960,1646275502544654336,1
5961,1589566145337921537,1
5962,1594410301469908998,1
5963,1550879071671828481,0
5964,1656022826275545089,1
5965,1598893153636917248,1
5966,1656082216131100680,1
5967,1656030651701936128,1
5968,1656084924707794944,1
5969,1656086142176083968,0
5970,1634239721558687777,0
5971,1636795898008338433,1
5972,1569781966890835972,0
5973,1621897525333557250,0
5974,1573384556148924418,0
5975,1656061351960223753,1
5976,1655929782821871616,0
5977,1577282776541417473,0
5978,1631642899422011394,0
5979,1524870908292259884,0
5980,1656085887887761413,0
5981,1656052030442467332,1
5982,1496102688366284802,1
5983,1656085365130682369,1
5984,1613478613117960193,1
5985,1656084712476246016,1
5986,1498187646945869824,0
5987,1656082422981599233,0
5988,1634002643445243904,0
5989,1656086350486032387,1
5990,1651007723620937728,0
5991,1591993603160969217,0
5992,1562483225792217089,0
5993,1547659960414154754,0
5994,1602714478763995137,0
5995,1656066705385488384,1
5996,1656083758712274944,0
5997,1603162285056335874,0
5998,1562357293705875457,0
5999,1656085103385141250,1
6000,1656011196934356994,1
6001,1656012622171348992,1
6002,1656081763012059138,0
6003,1656085185450897410,0
6004,1656085513936445441,1
6005,1656082120434155520,0
6006,1510738712509960192,0
6007,1656086542375440386,1
6008,1655663535257427971,0
6009,1569049021171339267,1
6010,1638827422954164224,0
6011,1548270737412067330,0
6012,1521222826757394435,1
6013,1656043951386705927,1
6014,1613292750694412288,0
6015,1656083070569574401,0
6016,1482709764190650372,0
6017,1656015311634669587,1
6018,1572862084941254656,0
6019,1611150616801181696,0
6020,1656075849844523010,1
6021,1628810011513159682,0
6022,1597922719072661505,0
6023,1655667355207213059,1
6024,1653543996151459843,0
6025,1479481965157883904,0
6026,1656041476852269056,1
6027,1655762528654196738,0
6028,1508999870945841152,0
6029,1620802380265553921,0
6030,1656086211939713025,1
6031,1656081759207927808,0
6032,1655945144603123714,1
6033,1615992331630436353,0
6034,1522690113075290112,1
6035,1565409107556896768,1
6036,1600620322130374656,0
6037,1654522758204620813,0
6038,1655336751445966854,0
6039,1656084343662473217,0
6040,1627792605575630853,0
6041,1613569001132539904,1
6042,1656085787145019392,1
6043,1540075624097873925,0
6044,1494208590843842561,0
6045,1656085507510501376,1
6046,1487765686529273860,0
6047,1531756615539765248,1
6048,1649291353740681217,0
6049,1656086218839343107,1
6050,1621825737006219266,0
6051,1656084149923454976,1
6052,1625055629768368128,0
6053,1656086128112328705,1
6054,1656077612026929153,1
6055,1656086212287901698,1
6056,1656086185523965952,1
6057,1580574393410805760,0
6058,1656073121282289664,1
6059,1656078901981110272,0
6060,1509644730509914113,0
6061,1648550502118875136,0
6062,1656077221444870145,1
6063,1656080381668634624,1
6064,1656081732221714434,0
6065,1611615180143857665,0
6066,1656084050405371906,0
6067,1656075739962437632,1
6068,1522225374599516163,0
6069,1655255352303140868,0
6070,1656082205960028160,0
6071,1539656337810157568,0
6072,1656079852154265601,1
6073,1656026438464675841,1
6074,1654893881173979138,0
6075,1650314108670038016,1
6076,1593900889924063233,0
6077,1582093725148192768,0
6078,1600268900138389504,1
6079,1656074480727506944,1
6080,1588140937401835522,1
6081,1656082013739421696,1
6082,1656086389677498369,1
6083,1635910328247545857,0
6084,1508222344082251778,0
6085,1656086254344372225,1
6086,1656084041781895168,0
6087,1656085922146918402,1
6088,1656075447371960321,1
6089,1654742038183571456,0
6090,1535503767054999553,0
6091,1656085253365301249,1
6092,1511818110935842817,0
6093,1526761468926087168,0
6094,1603780876407832576,0
6095,1656036046851719181,1
6096,1656077521014718464,1
6097,1652496544107511815,0
6098,1646356456000692226,0
6099,1656083738378248198,0
6100,1656079128313856000,1
6101,1628623202699341826,0
6102,1656079814179037186,1
6103,1573042780712083456,0
6104,1545240536407314433,0
6105,1656083966753898498,0
6106,1656086238527471617,1
6107,1615982509321248768,1
6108,1522398744838213632,0
6109,1656085093906087937,1
6110,1656086451350822913,1
6111,1493739227988824067,0
6112,1656028846708207616,1
6113,1516473934991962116,0
6114,1541768590914904064,0
6115,1563436061770289153,0
6116,1656079664383680513,0
6117,1623675943838425088,0
6118,1655140298820034561,0
6119,1656085540419121152,0
6120,1618989604190785537,0
6121,1633710945100001281,0
6122,1592548507067420673,0
6123,1541525163409379328,0
6124,1656080973514043393,0
6125,1505117847445458945,0
6126,1595236988294426624,0
6127,1656086573996179457,1
6128,1623820091933757440,1
6129,1637560902357594118,0
6130,1656038876387868672,1
6131,1656080404212793345,0
6132,1656007977613119489,1
6133,1647186282089713665,0
6134,1656023736217215011,1
6135,1656080286378233857,0
6136,1656070283248140289,1
6137,1572035029643202562,0
6138,1656079920525631488,1
6139,1656084691185995776,0
6140,1656070726548434946,1
6141,1654128186698104835,1
6142,1600157002143248384,0
6143,1588219852900163584,0
6144,1656084486575226880,0
6145,1656081615188025345,0
6146,1656026539685756945,1
6147,1656086549618892800,1
6148,1656083971975913472,0
6149,1656086369557528577,1
6150,1656086469394714624,1
6151,1656018958632329218,1
6152,1640001968826462210,0
6153,1656085040860635137,1
6154,1648676156642656262,0
6155,1587142269093781505,1
6156,1628890088435249152,0
6157,1487822541284691972,0
6158,1604467439047057413,1
6159,1656030030764408838,1
6160,1656083545536753665,0
6161,1656085754999894016,1
6162,1526309411408338945,0
6163,1656031424699408389,1
6164,1527984107476684800,1
6165,1585947868007133185,0
6166,1567979526071754752,0
6167,1656069527711481857,1
6168,1656066268640985090,1
6169,1482999505943506950,0
6170,1656034071317823490,1
6171,1549013471374835713,0
6172,1656082513498980355,0
6173,1563032127624851456,1
6174,1602575700665532417,0
6175,1584380446573441025,1
6176,1656075399091109893,1
6177,1656080775341649920,0
6178,1656082579966291968,0
6179,1565399853483671553,0
6180,1623455133932613635,0
6181,1509436912251162632,0
6182,1628335593242472448,0
6183,1656050100525776904,1
6184,1655219051688230914,0
6185,1656086628065001472,0
6186,1498934264188096513,0
6187,1483592783726141441,0
6188,1656046270652268549,1
6189,1534829519407923202,1
6190,1486533226139164674,0
6191,1656085170561118210,1
6192,1651416511507230720,0
6193,1656081864229109763,0
6194,1656085607050018819,1
6195,1656078087014981635,1
6196,1656086093006274560,0
6197,1656084723653910528,1
6198,1643694427183906816,0
6199,1656085421225390080,1
6200,1644226776699375619,0
6201,1656073659935756288,1
6202,1655338151311753218,0
6203,1545067747821903872,1
6204,1564322037664989184,0
6205,1622760496070815744,0
6206,1656019505858977797,1
6207,1555658265803079682,0
6208,1547249684258983937,0
6209,1656080069633122305,0
6210,1654471887341199360,0
6211,1612816331480367109,1
6212,1656084982186782720,1
6213,1654775856655478787,0
6214,1654709243239448576,0
6215,1540998698804576256,0
6216,1656086329527275520,1
6217,1600922130857791518,0
6218,1498019876593491969,0
6219,1622603054813003776,0
6220,1538781233144266752,0
6221,1654742857654362117,0
6222,1638360204302483457,0
6223,1656029341174710272,1
6224,1656053258912235521,1
6225,1570435674225926144,1
6226,1565550234629017600,1
6227,1656082510957232129,0
6228,1656011484047224832,1
6229,1654075535042162688,0
6230,1656086159603249153,1
6231,1652139553459773443,0
6232,1656084970111221760,1
6233,1656015970299781146,1
6234,1554542806760292353,0
6235,1554907736525209606,0
6236,1567151641404522496,0
6237,1595096675877588993,0
6238,1507523438541484039,0
6239,1656025864490962946,1
6240,1574029710870433793,0
6241,1656071345682169857,1
6242,1585194546182381570,0
6243,1656069662419951616,1
6244,1656064046850879490,1
6245,1656016717426958336,1
6246,1656080416837599232,0
6247,1634518562252488704,1
6248,1656079278889398272,0
6249,1640706720770179073,0
6250,1652212304132599808,1
6251,1656082636186558464,1
6252,1655935738876432387,0
6253,1634910870160678913,0
6254,1559857400932208642,0
6255,1543424289847664642,1
6256,1615570206142644226,0
6257,1631050083692081152,0
6258,1656029029554614273,1
6259,1654850267295227907,1
6260,1656068586643783681,1
6261,1656022343045586993,1
6262,1625693888974409728,0
6263,1649031466725122054,0
6264,1656071156045344770,1
6265,1656085037278699522,0
6266,1621804519129763840,0
6267,1656083312258023424,0
6268,1656066645670916104,1
6269,1503745351920062468,0
6270,1570621118997991427,1
6271,1584821287674818560,0
6272,1655964594253471745,0
6273,1631657241156767747,0
6274,1656084951413010432,1
6275,1656064078584901634,1
6276,1656084282132054016,0
6277,1594846223877476352,0
6278,1656078519674314752,1
6279,1525098542431408128,0
6280,1629921293112836096,0
6281,1638190383338250242,1
6282,1535424156052905985,0
6283,1655654533870292994,0
6284,1656079087105101825,1
6285,1656083601740398592,0
6286,1498291200461312000,1
6287,1655843485998800898,0
6288,1567930255360331776,0
6289,1646586046535340033,0
6290,1608317272216719361,0
6291,1656067705139544064,1
6292,1625593023936733184,0
6293,1656068631095132163,1
6294,1649137354639314946,0
6295,1656085753615777793,0
6296,1656084648370290688,1
6297,1585142814542888960,0
6298,1517517466385100801,0
6299,1656083930674786305,0
6300,1656070159466139648,1
6301,1656081018124750849,0
6302,1649336192729751553,0
6303,1647580892829761536,1
6304,1585657999498125312,0
6305,1586274269285289984,0
6306,1623623787890544640,0
6307,1656007376452063232,1
6308,1656085772208951296,1
6309,1644456650512773120,1
6310,1648114882779439105,1
6311,1645960147834146818,0
6312,1493069755455983619,0
6313,1656084252344328192,0
6314,1618080370427326466,0
6315,1656084759246934016,0
6316,1656075164126175232,1
6317,1502568477198290945,0
6318,1656080637437300737,1
6319,1655633856899465216,0
6320,1613387148182564864,0
6321,1656076176710877186,1
6322,1511110449626025985,0
6323,1656079770918977536,0
6324,1655540646369804289,0
6325,1656042106958299137,1
6326,1656086042431176704,1
6327,1656086559765012485,1
6328,1572048139707727872,1
6329,1655918751508987904,1
6330,1656029503498620928,1
6331,1656080015295913985,0
6332,1614188851224023040,0
6333,1656084637905571840,1
6334,1656086103093399552,1
6335,1632523887979421696,0
6336,1635249424002846721,0
6337,1575587174132568064,1
6338,1656083277835370500,1
6339,1641469086554005504,0
6340,1656086039986069504,1
6341,1577726533032202241,0
6342,1656027179057029120,1
6343,1656080115363885056,1
6344,1653805994160340994,0
6345,1555219615998849024,1
6346,1656085441509052416,0
6347,1656086253790429184,1
6348,1612990549480411137,1
6349,1633117165745217539,0
6350,1656071829289615360,1
6351,1656080722212401152,0
6352,1487401123061596162,1
6353,1654612665099071489,1
6354,1594341766181765120,0
6355,1477078626428358657,0
6356,1524886388298113029,0
6357,1620870912189800448,0
6358,1656079686554796034,1
6359,1656070727320174593,1
6360,1531108134491566081,0
6361,1648738569962258438,0
6362,1656071438842068992,1
6363,1656079390676070400,1
6364,1617685733988237315,0
6365,1656086205304373250,1
6366,1656085897677340673,1
6367,1570220768587546625,0
6368,1655679974987436035,0
6369,1656037682726748184,1
6370,1558463291390734336,0
6371,1647251192706129924,0
6372,1637839462292963329,0
6373,1656024299793260597,1
6374,1656079994542587905,0
6375,1599410773096267777,0
6376,1656081562537009155,1
6377,1540595012760928256,0
6378,1656082900255666181,0
6379,1656086119161757696,1
6380,1597234109453336577,0
6381,1653045770608844806,1
6382,1655360588497690626,1
6383,1620819521882710016,0
6384,1542657862383681536,0
6385,1642860142726352897,0
6386,1564659385565077507,0
6387,1569761850702831617,0
6388,1656085752508186625,1
6389,1597628236250632193,0
6390,1656079278482571267,0
6391,1650700441322405888,1
6392,1619430899493310465,0
6393,1576308327226679296,0
6394,1656080851820761090,0
6395,1551311375766589442,0
6396,1605142842003042304,0
6397,1628854261843992576,0
6398,1655806214566199296,0
6399,1596726722401271808,1
6400,1608653105478135810,1
6401,1623722096789532673,0
6402,1641800994509012993,0
6403,1656081466105942016,1
6404,1575560991131041792,1
6405,1588158746232066048,1
6406,1656041988007837723,1
6407,1656030523985199106,1
6408,1656086118713167874,1
6409,1538773137810026496,0
6410,1548794117249011712,1
6411,1615002373864230913,0
6412,1656081016942120960,0
6413,1656086639196643329,0
6414,1582255061639405570,0
6415,1557848840044130304,0
6416,1656085063845441537,1
6417,1656044788930494497,1
6418,1656046512084795425,1
6419,1477550534546518020,0
6420,1656081410006962176,1
6421,1613820888326995969,0
6422,1637508163178987521,0
6423,1656027382803845121,1
6424,1656009589676994565,1
6425,1656085231072575488,1
6426,1656085244922011651,1
6427,1613756205675196416,0
6428,1647629270401929216,1
6429,1630365973785214979,0
6430,1656086343301349376,1
6431,1656053359348965378,1
6432,1622833069014110209,0
6433,1652796478723698689,0
6434,1656071749199450114,1
6435,1573681539476512772,1
6436,1641468576396890112,0
6437,1656086558720573442,1
6438,1653244478390697985,1
6439,1653760317678321665,1
6440,1652056302900609026,0
6441,1656085371933937667,0
6442,1656066988542664704,1
6443,1617678355066925057,1
6444,1584870855305465856,1
6445,1615033210207109121,0
6446,1568028263003394049,0
6447,1595079449577332736,0
6448,1656085858846425088,0
6449,1656082852981661698,1
6450,1539420248763514880,0
6451,1644103272142352384,0
6452,1656076429363384321,1
6453,1656020455294402560,1
6454,1487700118266548224,0
6455,1585671400588730369,0
6456,1603027063111393281,0
6457,1501656572728164352,0
6458,1656074056385323018,1
6459,1570100939742134273,1
6460,1656055079584120833,1
6461,1656086499270733824,1
6462,1656085187229523968,1
6463,1656079269708320768,1
6464,1656084744441065473,1
6465,1656049893805285378,1
6466,1640698955397754882,0
6467,1495886939131576324,0
6468,1655406484292005888,1
6469,1566544885078847488,0
6470,1611165655591682048,0
6471,1656085071240265728,1
6472,1655283138640195589,0
6473,1653678086813110274,1
6474,1615001805405945857,0
6475,1656085113338482688,0
6476,1559332931201540096,0
6477,1652253123187204098,1
6478,1630263269394112512,0
6479,1537816184703307777,1
6480,1534448418013483009,0
6481,1647054447695257600,1
6482,1654523339698733057,0
6483,1651719604086120450,1
6484,1656085078689349632,1
6485,1656009500262899715,1
6486,1650414463227445248,0
6487,1656083043444989952,0
6488,1656074294621872130,1
6489,1633558376742539267,0
6490,1656079451522834439,0
6491,1605604022848733184,0
6492,1656084362620809218,0
6493,1577416627473227786,0
6494,1656085788709523457,1
6495,1654745342422790145,0
6496,1595878241776316417,0
6497,1656074164082561025,1
6498,1656071829994323972,1
6499,1569835151097561088,0
6500,1617768693030883330,0
6501,1575325871925301249,1
6502,1655966933039054848,0
6503,1656072569320087555,1
6504,1586266909540057088,0
6505,1656081120058810371,0
6506,1656081189197975554,1
6507,1570182296082456581,1
6508,1656064246281633792,1
6509,1626339776533082117,1
6510,1621901610774396929,0
6511,1656082263644291073,0
6512,1656070829988360198,1
6513,1565400528405905408,1
6514,1567632261717147650,0
6515,1611518613277794308,0
6516,1616144974856458240,0
6517,1649265994190184449,1
6518,1640721186374971394,0
6519,1655128613753090049,0
6520,1642190071909736448,0
6521,1656069754732331012,1
6522,1617557618859573248,0
6523,1646119776702406657,1
6524,1561599191138177024,1
6525,1656085066718806016,0
6526,1656075960649744384,1
6527,1656049194803638274,1
6528,1495515172701675524,0
6529,1632535232095346688,0
6530,1656079876565131265,0
6531,1584210349443584003,1
6532,1651662765226860588,0
6533,1656013051907444736,1
6534,1656012747413520389,1
6535,1654694293527990277,0
6536,1656086305279819777,1
6537,1651190931604004866,0
6538,1601160789720711170,0
6539,1656085410798526464,0
6540,1656076443892236290,1
6541,1656053289031708672,1
6542,1651954428872896513,1
6543,1585289069277364224,0
6544,1656048448443957252,1
6545,1656040879381987352,1
6546,1656040534878633990,1
6547,1656084092285251584,0
6548,1656008292626309134,1
6549,1656084708814643200,0
6550,1647097105436246016,0
6551,1567883948654559234,1
6552,1656086312884002816,1
6553,1592243350538981376,0
6554,1656070767354806272,1
6555,1568177604628467712,1
6556,1546404659245588480,0
6557,1656085403445743617,1
6558,1656079478429454337,0
6559,1624351407657607169,1
6560,1652396684977254400,1
6561,1619635935238397952,0
6562,1656078674565689344,1
6563,1652765087118098433,0
6564,1656079913999548417,0
6565,1500946344374063105,0
6566,1656073518897942534,1
6567,1656018147311329318,1
6568,1593009250980499457,1
6569,1647658428523765761,0
6570,1613295187312414720,0
6571,1656085903545348096,1
6572,1656050689028546560,1
6573,1556856812225277953,0
6574,1480442614012801030,0
6575,1617525181987045376,0
6576,1546880200851353600,0
6577,1640187852263682048,0
6578,1656069431456350208,1
6579,1641941109608685569,0
6580,1564772665319075841,0
6581,1656050352251174914,1
6582,1635478640740761600,0
6583,1630384930894098432,0
6584,1656085006102712322,0
6585,1656045716815613952,1
6586,1656074873045696512,1
6587,1605657005846368274,0
6588,1650243149820829696,0
6589,1656080355588440064,1
6590,1614999202387611648,1
6591,1656034193053212674,1
6592,1656082453415559170,0
6593,1655272925199515650,0
6594,1656052134515728384,1
6595,1560313160069816320,0
6596,1655923062150397952,0
6597,1656019923888668672,1
6598,1611190053631320067,0
6599,1618302735337807872,1
6600,1656048104024489994,1
6601,1552325921281085445,0
6602,1568575937796612096,1
6603,1656085174948331522,1
6604,1655729751716421634,0
6605,1571931069066117121,0
6606,1555348002943864832,0
6607,1639294886573907968,0
6608,1560531338993754112,0
6609,1656037489868455944,1
6610,1655156059856596994,0
6611,1656045106967789576,1
6612,1585758907565309954,0
6613,1656033247103467525,1
6614,1646031064413110272,1
6615,1569585700382834688,1
6616,1653102764065697794,0
6617,1595568761700077569,1
6618,1655632969707470850,0
6619,1656016249913229312,1
6620,1656046984602501132,1
6621,1610507450674814976,0
6622,1589622138960457728,0
6623,1625122624182312961,0
6624,1570491298653802496,0
6625,1656071718333558793,1
6626,1656083108117053440,1
6627,1656084271914799104,0
6628,1627954762023940098,1
6629,1654535761708867593,1
6630,1656015463678357504,1
6631,1586199085043879937,0
6632,1638224715222229029,1
6633,1494074895784833024,0
6634,1656071120448024581,1
6635,1656085259463557121,0
6636,1489111798783508483,0
6637,1655390170475114496,0
6638,1565453747924475906,0
6639,1632395929985875971,0
6640,1631213108839555073,0
6641,1656085261082583040,1
6642,1656042047059443737,1
6643,1654601838384267264,1
6644,1656054840030814208,1
6645,1574928124868894720,1
6646,1656048487086080006,1
6647,1654626337057898499,0
6648,1643684864737124372,1
6649,1616114887431798787,0
6650,1641973684230582273,0
6651,1621750122739531776,1
6652,1627513075955027968,0
6653,1656067475467804674,1
6654,1656085120942735360,1
6655,1620222886245187584,1
6656,1656044484025565192,1
6657,1514934352009850881,0
6658,1656085467194875904,1
6659,1654896676002316290,0
6660,1654460695524651011,1
6661,1656085400757100544,1
6662,1656086202712244224,1
6663,1656085347133018112,1
6664,1569712304765149194,1
6665,1656085118253948928,1
6666,1628655818517229570,0
6667,1498805058154029060,0
6668,1588416203324030977,0
6669,1656072270081556482,1
6670,1656084004787896321,0
6671,1592663726473502720,1
6672,1540514193543143426,0
6673,1518365225203994625,0
6674,1574592748027785217,1
6675,1654971695705509888,0
6676,1628749117752057856,0
6677,1656084255359762435,0
6678,1537148529747296256,0
6679,1656076004375547904,1
6680,1656019767663239186,1
6681,1592001762319544320,0
6682,1535641964166758401,0
6683,1656084898736644097,1
6684,1504608665524875283,0
6685,1656079642271334400,0
6686,1656086228838801408,0
6687,1656085846473207808,1
6688,1512495681965076490,0
6689,1541947353799737346,0
6690,1656052967852613633,1
6691,1656085691984388096,1
6692,1656084286624374785,0
6693,1506315066265714692,0
6694,1655815068439789568,0
6695,1645514290755956745,1
6696,1656079138648670208,0
6697,1656067896433360896,1
6698,1601153183849779201,1
6699,1656085522995982338,0
6700,1656028520915824641,1
6701,1564713779421532162,0
6702,1638717771642191872,0
6703,1656072395013201921,1
6704,1656084888607510528,1
6705,1649571456156614660,1
6706,1656082875572158465,0
6707,1656028682601865216,1
6708,1656067301068664832,1
6709,1587380819664175104,0
6710,1656085033403265025,1
6711,1656078970419396613,0
6712,1656041442832203778,1
6713,1655917732380958721,0
6714,1552641605135482881,0
6715,1656079620939153409,1
6716,1656083865197223943,1
6717,1656086489456078848,1
6718,1656036188464254977,1
6719,1626763358836781056,0
6720,1656080650791956481,0
6721,1643308255265824773,0
6722,1563328300105117696,0
6723,1605840732769513472,0
6724,1648124004471799809,0
6725,1646528135276687362,0
6726,1656085246796857344,0
6727,1562351171121152000,0
6728,1656065670684069888,1
6729,1656084676761509888,1
6730,1656064927642296320,1
6731,1593960157452685317,1
6732,1577682533055070209,0
6733,1573658655740022785,0
6734,1656086136878407683,1
6735,1654380409206063105,0
6736,1655561068813459456,1
6737,1656039068524789774,1
6738,1574959981811552256,1
6739,1651428605770039296,1
6740,1656085021470388225,1
6741,1555450639370653696,0
6742,1656085829675257856,1
6743,1656086474259935233,1
6744,1606284658819207168,1
6745,1630327674165149696,0
6746,1656084648772993024,1
6747,1656019320982446095,1
6748,1583736989349687297,0
6749,1656084147469709322,0
6750,1593208334538231808,0
6751,1510201031220736000,0
6752,1656084362939744256,0
6753,1656082266748227584,0
6754,1648517562374971392,1
6755,1601846153292587008,0
6756,1574811906463760387,1
6757,1656017781219893252,1
6758,1600208051906166785,0
6759,1519439238718234638,0
6760,1529497520568537088,0
6761,1532303083405025282,0
6762,1643561792000466946,0
6763,1623139569792086017,0
6764,1656074254545457153,1
6765,1650752423387099136,1
6766,1614297177597280258,0
6767,1656084681996095488,1
6768,1655418427560067072,0
6769,1566881970604351492,0
6770,1656081701578346496,1
6771,1656085386152800256,0
6772,1656084830302396416,1
6773,1656085302086123521,1
6774,1656066410232070144,1
6775,1615184643409551361,0
6776,1546975646559125506,0
6777,1655851311378620416,0
6778,1574403182511390721,1
6779,1656080880660520960,0
6780,1656066879939592193,1
6781,1656085254686269443,1
6782,1656086065583644672,0
6783,1656083419208593408,1
6784,1656078737597710344,1
6785,1656086306412195842,1
6786,1568341802679148547,0
6787,1502932245656444928,0
6788,1656081562633400320,0
6789,1601784638506426369,0
6790,1656084748777795585,1
6791,1656086007417278464,1
6792,1648339490786930688,0
6793,1656066104106659840,1
6794,1586961608302948352,0
6795,1656083132280635392,0
6796,1652862838850064384,0
6797,1656082634877939713,1
6798,1656071280465178624,1
6799,1614045596100472835,0
6800,1594821400678006784,0
6801,1573223887227101185,0
6802,1651686115928076300,1
6803,1656034436910022656,1
6804,1625830934284062721,0
6805,1656015033833332747,1
6806,1656023064893693952,1
6807,1656085950907269122,1
6808,1649378542986117120,1
6809,1656026722913927186,1
6810,1537299734863306752,1
6811,1588736769797009409,0
6812,1656013449095159811,1
6813,1625844138561224704,0
6814,1648875768028762112,0
6815,1575208711621992448,1
6816,1559982814828847106,0
6817,1656043261944012800,1
6818,1542808008497188864,0
6819,1639037927643594754,1
6820,1656086317929836545,1
6821,1656055200082272259,0
6822,1604146515236519937,0
6823,1656085933874368514,1
6824,1654827168277442560,0
6825,1656080569451593732,0
6826,1649029147858210816,0
6827,1588899007027417090,0
6828,1652689407076384771,0
6829,1491563270787981316,0
6830,1656086048391176192,1
6831,1575470593071349760,0
6832,1599843011457794049,1
6833,1638017110357180416,0
6834,1656086196479574018,1
6835,1485726616139542533,0
6836,1648696525667672064,0
6837,1482157979214675969,0
6838,1613355998604935168,0
6839,1568899669975044098,0
6840,1656086034268975106,1
6841,1530529528929468416,1
6842,1656086270097932288,0
6843,1656085758950735873,0
6844,1640898619246014470,0
6845,1656080617321185280,0
6846,1617006170069413888,1
6847,1578111130043555845,0
6848,1656085940085948417,1
6849,1656067667428507651,1
6850,1656078803431563266,1
6851,1606599246295498752,0
6852,1656084510998421506,0
6853,1656086558716428288,1
6854,1656085150621478912,1
6855,1656080140559093763,0
6856,1485754114315276292,0
6857,1656085268745814018,1
6858,1544770269893472259,0
6859,1502412273825955841,0
6860,1564177425482891265,0
6861,1552094799557279744,0
6862,1485684099683553281,0
6863,1656085768861786115,1
6864,1656079697535483906,0
6865,1566924143806873600,1
6866,1656017576906899456,1
6867,1656082282829205504,0
6868,1610364170356006914,0
6869,1656067230726062080,1
6870,1654804396503359489,0
6871,1629327594104537088,0
6872,1656065625679183873,1
6873,1656086062991839233,1
6874,1656016470508281865,1
6875,1503126023247908869,0
6876,1642564918737268741,0
6877,1595526996666519552,0
6878,1656012285356253193,1
6879,1656086578853232640,1
6880,1654030014990483459,1
6881,1570625544332644353,0
6882,1656085726210011137,1
6883,1656086409827209216,1
6884,1621137655361847304,0
6885,1656048659023241220,1
6886,1656086517146689536,1
6887,1656085305403887617,1
6888,1656081208818769922,0
6889,1656083534996725761,0
6890,1656085588058206208,1
6891,1584424695738224642,0
6892,1656085571414945793,0
6893,1651719867068735488,1
6894,1577927160341430273,0
6895,1656029963290648578,1
6896,1656076740157140994,1
6897,1652118985587015682,1
6898,1651271722790797326,0
6899,1481133971966550016,1
6900,1652319721541320706,1
6901,1654586801565192197,0
6902,1639363367566467099,0
6903,1656085151838007296,1
6904,1564077879192961024,0
6905,1656085641694781441,1
6906,1656015159960256513,1
6907,1632599143959937024,0
6908,1499097216165851142,0
6909,1579581424323432448,0
6910,1552174835962298368,0
6911,1655648483024461845,0
6912,1656052608547672065,1
6913,1656086569529364480,0
6914,1656046997235744778,1
6915,1656008449388593152,1
6916,1656072251224080390,1
6917,1656086110374887424,1
6918,1656009662376861696,1
6919,1570031410584363015,0
6920,1565992467652124673,1
6921,1656079811331379200,1
6922,1654613493193252864,0
6923,1575158450132328448,1
6924,1656037940852604942,1
6925,1656084979875733504,0
6926,1656067333436194817,1
6927,1656081291794677760,1
6928,1633873601840513024,0
6929,1654456179873988611,0
6930,1651401356199051264,1
6931,1478063268744814596,0
6932,1655860475249430529,0
6933,1654557730638626820,0
6934,1567556608812634113,1
6935,1486622412087066625,0
6936,1529373405035782144,0
6937,1655103266345324544,0
6938,1639388772365369345,0
6939,1631357574850256896,0
6940,1653348686708244480,0
6941,1656085130132471809,0
6942,1656051278622134278,1
6943,1656082730025902080,1
6944,1601336342318833664,0
6945,1656026771882475522,1
6946,1656027518057496579,1
6947,1620110221887606807,0
6948,1606548571020558338,0
6949,1641376194628034563,0
6950,1631344524126560280,0
6951,1656086311772598272,1
6952,1656086158584029184,1
6953,1655209995355693057,0
6954,1656083076328435712,1
6955,1656068698069774336,1
6956,1537676820161515520,0
6957,1554096724477710339,0
6958,1655629161602461698,1
6959,1646578069468217344,1
6960,1485987359351005187,0
6961,1618041587694444544,0
6962,1656080922616254467,0
6963,1565324569497726977,0
6964,1656042944334315541,1
6965,1654518077420191745,0
6966,1603088309089144833,0
6967,1656080692382519296,0
6968,1655893062587932674,0
6969,1656067454903222273,1
6970,1652723500598042625,0
6971,1656007589854089216,1
6972,1649188672011653121,1
6973,1656086557022113792,0
6974,1656079433864978432,0
6975,1656067684310695936,1
6976,1656086311814459394,1
6977,1656082237052289025,0
6978,1586690009339396098,0
6979,1575279707033161728,1
6980,1656086051264385024,1
6981,1616466438419537920,0
6982,1656080672937889792,0
6983,1656061660119834625,1
6984,1656083856146182149,0
6985,1518365789320929280,0
6986,1656085723605344257,1
6987,1655046740830044160,0
6988,1656033656702636035,1
6989,1656056248989630467,1
6990,1656082260603412483,0
6991,1656065392521953281,1
6992,1595035548611223554,0
6993,1565319794379079680,0
6994,1577475799308976130,0
6995,1654805195132649475,0
6996,1656074172596903936,1
6997,1656084895045677056,1
6998,1625751955695075328,1
6999,1621199361181990914,0
7000,1656076267001876480,1
7001,1656026783228018696,1
7002,1654732660445532161,0
7003,1654981267673460736,0
7004,1656085784259182592,1
7005,1540354962835767298,0
7006,1656080240819437569,0
7007,1656068439545372675,1
7008,1581345385578057729,0
7009,1579960676038365184,0
7010,1656080377696460801,0
7011,1619959256694005762,0
7012,1590629723884777472,0
7013,1616118337750306822,0
7014,1651847798793404416,0
7015,1613652891272716304,0
7016,1656084849386561537,1
7017,1656070972380774403,1
7018,1570205733475713026,1
7019,1656085356586885120,1
7020,1654546030719901697,0
7021,1612309518893068288,0
7022,1605381778042232833,0
7023,1532151527237947392,0
7024,1656085874222809088,0
7025,1656085963364528128,1
7026,1607345570762444805,0
7027,1513948075789733894,0
7028,1656067914628497408,1
7029,1649489934237966337,0
7030,1656086516370644992,1
7031,1585176985218711558,0
7032,1656078774960549895,1
7033,1569325492884340739,1
7034,1656074470711504896,1
7035,1630714254566518790,0
7036,1554586336996237316,0
7037,1627557320107474944,1
7038,1568477840278175745,1
7039,1656081528349429761,0
7040,1656086045019226112,1
7041,1610875171975622657,0
7042,1656079000643465217,0
7043,1495729089231085570,1
7044,1655042338853355523,0
7045,1656081216037068801,0
7046,1649938742931496960,0
7047,1656086324569337856,1
7048,1489610730630381568,0
7049,1656025191800004608,1
7050,1656082515486973953,0
7051,1648920255605923841,0
7052,1654711920572653568,0
7053,1653492904567132160,1
7054,1622662247142105099,0
7055,1636693874059132928,0
7056,1656081068993179650,0
7057,1656084711536574465,1
7058,1630415303850033152,0
7059,1483796144971030538,0
7060,1656084897298018304,1
7061,1656047407811969025,1
7062,1656068739379625987,0
7063,1572705000106917889,0
7064,1656086571982921728,1
7065,1590683165307596800,0
7066,1551981434935451650,0
7067,1573986290583932929,0
7068,1656026544295534592,1
7069,1654185342315171840,1
7070,1656075270263275520,1
7071,1537124375694131200,0
7072,1548434520331804675,0
7073,1654203060225298436,0
7074,1572061265895522308,0
7075,1487539244998475778,1
7076,1656083176438001664,1
7077,1656052345170546688,1
7078,1493956684519247883,0
7079,1654781038177001476,0
7080,1484334491137343494,0
7081,1655962344705458176,0
7082,1566169595345784832,1
7083,1524719767508168706,0
7084,1656079147792310272,1
7085,1536856105661480971,0
7086,1656016407350632448,1
7087,1656011145877102599,1
7088,1656084895481974785,1
7089,1656085568751652870,1
7090,1656081564155932673,0
7091,1656041133665861655,1
7092,1656079833145720832,0
7093,1638164892766068736,0
7094,1656085484983009283,1
7095,1656084748169510912,1
7096,1597335426183835648,1
7097,1656081309612081159,0
7098,1656082551138574345,1
7099,1656086228238827522,0
7100,1644226808525758470,0
7101,1656069194373386241,1
7102,1656052022154600448,1
7103,1602284697673158656,0
7104,1582180468027379712,1
7105,1546995284185858048,0
7106,1530147043515289600,0
7107,1629992489519030278,0
7108,1627550877690241025,0
7109,1656022692011679790,1
7110,1603954727770808323,0
7111,1656071236047306759,1
7112,1654696863029682176,0
7113,1582023609274417153,0
7114,1654631381681463298,1
7115,1558235428527947779,0
7116,1590840124815745024,0
7117,1629388240581980161,0
7118,1656084745271508992,1
7119,1656045510547914788,1
7120,1649176858548752384,0
7121,1656036920227446787,1
7122,1570633078384783363,0
7123,1604877977581506560,0
7124,1654268895530827778,0
7125,1602000285139861506,0
7126,1575260129607487489,1
7127,1656084583907983362,0
7128,1569099322301751297,1
7129,1656025642087899137,1
7130,1655960077935816705,0
7131,1608482480990072832,1
7132,1656084053315973123,0
7133,1656012779675893760,1
7134,1656021441270226946,1
7135,1654720650261430274,0
7136,1656086595987214338,1
7137,1567896286090625027,1
7138,1575905686814281728,0
7139,1656085285422211072,1
7140,1654501272467144706,0
7141,1656085448593231872,1
7142,1646812549994672128,1
7143,1656086203240955904,1
7144,1526269752355823620,0
7145,1613627032784539659,0
7146,1656081996672561153,1
7147,1656086116028538882,1
7148,1656086060789813248,1
7149,1633520976402030594,0
7150,1616569587486674944,0
7151,1623626097748242434,0
7152,1656059510463578118,1
7153,1655619347165982738,1
7154,1656024789721522193,1
7155,1573292317091299331,0
7156,1655103941162729472,0
7157,1656080782820278273,1
7158,1640987921791475713,1
7159,1545906782496645120,0
7160,1576999130890584064,0
7161,1633326550115401728,1
7162,1479999478396448769,0
7163,1656085763468169216,0
7164,1656084063273222144,0
7165,1655913507664064512,0
7166,1656024709010530324,0
7167,1593462074470203392,0
7168,1483282967745155072,1
7169,1656081985373192194,0
7170,1656053901156548609,1
7171,1656080019330850817,0
7172,1509184319562133504,0
7173,1656019853210267649,1
7174,1654069799151099904,1
7175,1598228711010177025,0
7176,1597244496860921858,0
7177,1519735347445309440,0
7178,1656028515127443468,1
7179,1497250285609123840,0
7180,1652477468698091521,1
7181,1572651082282848256,0
7182,1484541665780146185,0
7183,1547300581445877760,0
7184,1550267755446022145,0
7185,1656071756384182275,1
7186,1656083437969629185,0
7187,1656025827417686016,1
7188,1656081972366655488,0
7189,1656046001990320173,1
7190,1656070448491405314,1
7191,1656085073936957441,1
7192,1639003787326267397,0
7193,1655124043933302786,0
7194,1611119493841051648,0
7195,1656084146156982278,0
7196,1656084785914163200,1
7197,1655285616886554627,0
7198,1651400534270812160,0
7199,1656045005297860637,1
7200,1654535671288156160,0
7201,1656081879827718146,0
7202,1656085551399813122,1
7203,1656085653472305154,1
7204,1593221454820442112,0
7205,1536670786966147072,0
7206,1656084218362097664,1
7207,1646848774239600644,1
7208,1640131851846049796,1
7209,1654497668926775296,0
7210,1480631584722145281,0
7211,1656085453957742593,1
7212,1593692302819459072,1
7213,1585746600130846720,0
7214,1572085172954365953,1
7215,1554514583552868352,0
7216,1617736518730137601,1
7217,1656079897788334082,0
7218,1656069521080217600,1
7219,1656058154470318081,1
7220,1656086028610949125,1
7221,1656081023262920704,0
7222,1566083188509724677,0
7223,1656057880322375680,1
7224,1598855473092251648,1
7225,1656074523165196288,1
7226,1656085723538243584,1
7227,1656085421854720000,1
7228,1656082974725513217,0
7229,1656012050676563968,1
7230,1623591801671254016,0
7231,1656085768178368512,1
7232,1589151517587943424,0
7233,1656028368905617433,1
7234,1511809235008466947,0
7235,1656080635721572354,1
7236,1644324646123175937,0
7237,1547380616039211010,0
7238,1656086394383618049,1
7239,1656084913278398465,1
7240,1497083447571267588,0
7241,1555295972816834566,0
7242,1549025892952748033,0
7243,1547974442709463040,0
7244,1656086292310925312,1
7245,1656085464242089985,1
7246,1655040941726613504,0
7247,1656073880467808257,1
7248,1618588438533390337,0
7249,1656082597502652417,0
7250,1579339629257379840,0
7251,1656080515462471680,1
7252,1656073998940229632,1
7253,1547361902019416065,1
7254,1591234732884647936,0
7255,1656085932481687555,1
7256,1655180762574880769,0
7257,1620277017970360320,0
7258,1652690836943953921,1
7259,1497989039848185857,0
7260,1498819390737117184,0
7261,1625601070599733248,0
7262,1624088587359891457,0
7263,1636338573313024000,1
7264,1614228016166539265,0
7265,1611375840381775872,0
7266,1656033585181196290,1
7267,1554027617996652544,0
7268,1610769308803633152,0
7269,1655899410503544832,0
7270,1545246156132962310,0
7271,1578694831643439104,0
7272,1656085080018944000,1
7273,1612960481810997250,1
7274,1644018441769066512,0
7275,1656086539800293376,1
7276,1644484861627973632,0
7277,1656017458208153601,1
7278,1656082404564512774,0
7279,1656086199990202368,1
7280,1596124284157820928,0
7281,1651538818523344896,0
7282,1656079477770711041,0
7283,1656086520921571328,0
7284,1656078024062779392,1
7285,1656055744364707840,1
7286,1652638931752452096,0
7287,1656053215434268672,1
7288,1656084964570730496,1
7289,1650315246479745024,0
7290,1656064163247185922,1
7291,1612489501749956608,0
7292,1656070416631308288,1
7293,1656023994360012801,1
7294,1656051331411456005,1
7295,1571061672269291521,0
7296,1656033028089495559,1
7297,1574345858883244038,1
7298,1559915513970565120,0
7299,1633669716035227649,0
7300,1515299171279982593,0
7301,1656058208765591554,1
7302,1647439210352369665,0
7303,1653438369706422274,1
7304,1613466531949592576,0
7305,1654753292533071872,0
7306,1656061831859806209,1
7307,1642959948064919552,1
7308,1656082541567262722,0
7309,1623643010121580544,0
7310,1656071619222093825,1
7311,1496522675023335425,1
7312,1641244936548024321,0
7313,1654866213212930048,1
7314,1621416480033087488,1
7315,1645460448651747329,0
7316,1587051076250836993,1
7317,1651656279038001152,1
7318,1656066384273772544,1
7319,1628998094858731520,0
7320,1655274964897890304,0
7321,1655342819723079681,0
7322,1598628803219111937,0
7323,1617839965400092673,0
7324,1656086330068140033,0
7325,1501705835373727746,0
7326,1656079958358339584,0
7327,1656080643409981441,0
7328,1656079606732976128,0
7329,1482384843606577155,0
7330,1655818967490101249,0
7331,1626641087182905345,0
7332,1656073161799090179,1
7333,1520131469192359936,1
7334,1623373700681588736,0
7335,1656068923979071489,1
7336,1656077725311078400,1
7337,1656080330300981249,1
7338,1569098626718208000,0
7339,1621146921854443522,0
7340,1656079159037231104,0
7341,1656038572187680768,1
7342,1656086197582659586,0
7343,1656046925450231819,1
7344,1649459260772741121,1
7345,1642824113017466880,1
7346,1655277234704220163,1
7347,1517111892497604608,0
7348,1656086033010704384,0
7349,1656047174583500827,1
7350,1656086058709204993,1
7351,1655280519020531713,0
7352,1636732189856395266,1
7353,1656085674657759232,1
7354,1655125418368802817,0
7355,1656070135721910272,1
7356,1656084321898315776,0
7357,1633883852237094939,0
7358,1529786230065463296,0
7359,1656086495562956800,1
7360,1575910820260757504,0
7361,1656068078353137665,1
7362,1656082187995824128,1
7363,1531952087839322112,1
7364,1651241412711817216,0
7365,1656020093246087194,1
7366,1656080759239725056,0
7367,1656018739001688067,1
7368,1631534253745000448,0
7369,1656081882314833921,0
7370,1618245821216194563,0
7371,1656086282806673408,0
7372,1656078267768619008,1
7373,1636940992787140608,0
7374,1599537736058556416,0
7375,1656079422775074816,1
7376,1602711955827003393,0
7377,1654527521361100813,0
7378,1634729185561448450,0
7379,1649636019430625280,0
7380,1656085130522271745,0
7381,1656071325264273409,1
7382,1655369179384672256,0
7383,1519345639477325824,0
7384,1656085960784764928,1
7385,1656086417657741313,1
7386,1637833675378405376,0
7387,1621148736557817858,0
7388,1656040317961814030,1
7389,1601882880002912256,0
7390,1656016833823088660,0
7391,1504261093635592193,0
7392,1656083210294661120,0
7393,1600503512646959105,0
7394,1656083210726408200,0
7395,1656085773538721794,1
7396,1656084715743629312,1
7397,1562238005749788675,0
7398,1600767148992757761,0
7399,1589782176958410752,1
7400,1655242043445092357,0
7401,1656078927578927104,0
7402,1562587571259342848,0
7403,1651827576560549888,0
7404,1656085740197933057,1
7405,1564260629401272320,0
7406,1656007918049976321,1
7407,1616451410492796929,0
7408,1656015489628250112,1
7409,1656085775019290624,1
7410,1634292569135013889,0
7411,1558956438889943040,1
7412,1656043054573207569,1
7413,1656083075380518914,0
7414,1654549032574779393,0
7415,1656069538553667584,1
7416,1656085694001840128,0
7417,1656086367766745088,1
7418,1570340897237397504,1
7419,1656085029175406593,0
7420,1656036270752055303,1
7421,1656078819596414976,1
7422,1641342575914418176,0
7423,1655185869832351745,1
7424,1656084909209919489,0
7425,1642973360966586370,0
7426,1477704124611264513,0
7427,1496502852918910981,0
7428,1633228179367419905,0
7429,1614496989961687040,0
7430,1583978012630220806,0
7431,1521185097608744960,1
7432,1656016508890279937,0
7433,1656080575298703361,0
7434,1656046815274254336,1
7435,1638401096237596674,0
7436,1587448649751187456,1
7437,1656068877938311168,1
7438,1656084925316050944,0
7439,1656037375473070080,1
7440,1604623249089826816,0
7441,1524702636049637376,0
7442,1490029527342456840,0
7443,1655976906003554306,0
7444,1483100113052610564,1
7445,1656067951022202880,1
7446,1567182149186371589,0
7447,1656010205719838722,1
7448,1656046517327675413,1
7449,1637151886326534144,0
7450,1656068914894471168,1
7451,1641551751886061571,0
7452,1537007033098162179,0
7453,1655921057713225729,0
7454,1563581972525461504,1
7455,1656081086797979648,0
7456,1656077652967448578,1
7457,1538561038043553795,0
7458,1656082841761898496,1
7459,1656082167049355268,0
7460,1544423841442762753,0
7461,1656079499782508545,0
7462,1491396462554783744,0
7463,1633637622919868416,0
7464,1656085679426682880,1
7465,1544834759347412994,1
7466,1655963816230895617,0
7467,1656078946012921858,0
7468,1656074197435645952,1
7469,1656086125688102914,1
7470,1656066199065690114,1
7471,1644395511322128384,0
7472,1656069073950711815,1
7473,1656074215261622272,1
7474,1539707809683722242,0
7475,1656085996482490369,1
7476,1510290585810345984,0
7477,1527664171663368194,0
7478,1656083094942670851,0
7479,1656057644820361218,1
7480,1656077870454775808,1
7481,1656085350584922113,1
7482,1511305168737947654,1
7483,1643594522771767296,0
7484,1629037005752639488,1
7485,1650614410354778112,1
7486,1656010527858991111,1
7487,1612913539580035072,0
7488,1656083247342690304,0
7489,1656070480439263233,1
7490,1584586739179397121,0
7491,1656078903188889601,0
7492,1656040903331463191,1
7493,1656051738514694150,1
7494,1656084895108825088,1
7495,1656067713687760897,1
7496,1656085798083608579,1
7497,1506387253228015616,0
7498,1555311185196621825,0
7499,1571566488263196677,0
7500,1522515495391428608,0
7501,1601901827209019392,0
7502,1656075185156497409,1
7503,1579590970097561601,0
7504,1656025058014294016,1
7505,1499669621246291978,0
7506,1513680219252858885,0
7507,1656072739260706817,1
7508,1656081484187418624,1
7509,1656069199943331841,1
7510,1636110408389115904,0
7511,1599393581525262341,1
7512,1656067561442758657,1
7513,1486500521410187266,0
7514,1649065283108352001,0
7515,1656085586648727552,1
7516,1656085128752381953,1
7517,1613551915912101891,0
7518,1590449278115549184,1
7519,1554724058427789312,0
7520,1578398630829907968,0
7521,1625607097198039046,0
7522,1655718133892521984,0
7523,1656082493588766720,0
7524,1625089104005443585,0
7525,1656085377587769344,1
7526,1656081094612078597,1
7527,1587315124309676033,0
7528,1654702654591778818,0
7529,1656084826309423106,1
7530,1656082892290678784,0
7531,1631656596077002754,0
7532,1656082801609809920,0
7533,1656086210995953665,1
7534,1632766789380702211,0
7535,1656028165024935936,1
7536,1656067921653690371,1
7537,1655253612925186050,0
7538,1656086327987965952,1
7539,1643624597655265287,0
7540,1656086336271417344,1
7541,1656083900840509440,0
7542,1656085862675881985,1
7543,1516944878235697152,0
7544,1656025278324305920,1
7545,1656074547018313729,1
7546,1656081723317272577,0
7547,1654552500031062018,1
7548,1656086288229859329,0
7549,1571861195627368449,1
7550,1656075808853708800,1
7551,1637510758337740801,0
7552,1635718736299823104,0
7553,1524032672007430152,0
7554,1655377310864777218,0
7555,1656038256935403522,1
7556,1656086480131964930,0
7557,1656077365934542848,1
7558,1656075867049566213,1
7559,1567417384968806401,0
7560,1593717714656251904,1
7561,1590855157008449536,0
7562,1496965426412142602,0
7563,1533784042398703617,0
7564,1656037712573415429,1
7565,1656070399602438144,1
7566,1558528352344064004,1
7567,1655174975924445185,0
7568,1511168794701533189,0
7569,1628744215537524738,0
7570,1656081489287602177,1
7571,1656082637893824513,0
7572,1545014788119531522,1
7573,1578954346997633025,0
7574,1656079855044157443,0
7575,1656016139628183552,1
7576,1656075752499027968,1
7577,1656082342178349058,1
7578,1575980158875410432,1
7579,1656066265038077953,1
7580,1656081801708748800,0
7581,1656085125203996672,0
7582,1656065254659375109,1
7583,1498628197008564224,0
7584,1656085730513371136,1
7585,1656085509540655105,1
7586,1656085552414720001,0
7587,1656086363119443970,0
7588,1586812598070165505,1
7589,1650795712597176321,0
7590,1587459815059738624,0
7591,1654837719590223872,0
7592,1584291114860703744,0
7593,1542592934134128641,0
7594,1618797289870626817,0
7595,1656071356927074304,1
7596,1656022900598611968,1
7597,1483112622602006537,0
7598,1637345018171248640,0
7599,1656078916568662016,0
7600,1653150723884953600,1
7601,1654919396547084288,0
7602,1581436006548414464,0
7603,1656079813659033600,0
7604,1656083542873350145,0
7605,1628538813873065985,1
7606,1631424475320426496,0
7607,1656029875315023874,1
7608,1656083223128973318,0
7609,1656086602144202753,1
7610,1540093918301356033,0
7611,1656085936785039363,1
7612,1598663275859828736,0
7613,1628484374395031553,1
7614,1620933632247431168,0
7615,1582935027759054848,0
7616,1656086373139447808,1
7617,1581982612578439168,0
7618,1656085384395145216,1
7619,1656023276777537536,1
7620,1656078909685870593,0
7621,1656049757612044292,1
7622,1656048813973405698,1
7623,1656078346420375552,1
7624,1656022473270337558,1
7625,1656086539078647809,0
7626,1656085576507076608,0
7627,1602302598484267008,0
7628,1550252460136050688,0
7629,1656067777545883649,1
7630,1631398726370574336,1
7631,1656085699215474688,0
7632,1575264943221383168,1
7633,1484654553106636803,0
7634,1611439283943968787,1
7635,1652463963886567424,0
7636,1656085103729328128,1
7637,1654819728618078208,0
7638,1570075675536523266,0
7639,1652090058390765568,1
7640,1580474671908106240,0
7641,1537490922849849344,0
7642,1656084758193946626,1
7643,1656074739067101184,1
7644,1656071361205346304,1
7645,1656085537877368832,1
7646,1656015289459376129,1
7647,1612494774212395008,0
7648,1656071408324157444,1
7649,1547731003426291713,0
7650,1650924808551518209,1
7651,1656079412331151362,0
7652,1656072457055248386,1
7653,1638661887964631041,0
7654,1601714443225702400,1
7655,1656067119845392385,1
7656,1499419375719391237,0
7657,1656084334170783747,0
7658,1626604492467630080,1
7659,1628464884416479233,0
7660,1656058178432385026,1
7661,1656085094342311938,1
7662,1656044593429790750,1
7663,1656070429499445249,1
7664,1519500776183267328,0
7665,1539004800406130688,0
7666,1656084674668625922,0
7667,1596882672206462983,0
7668,1656086160874012672,0
7669,1656086437836595203,1
7670,1563384066271248386,0
7671,1571041772557459456,0
7672,1586079507965886464,1
7673,1656085325481926657,1
7674,1655740491986550786,0
7675,1480989891425013762,0
7676,1574819536129253376,0
7677,1648312960811663361,0
7678,1512137736790159365,0
7679,1650651029342507009,0
7680,1583760832483459072,0
7681,1653394805538574337,1
7682,1654113074578612227,1
7683,1621977276714737664,0
7684,1656086309444648966,1
7685,1656082173949259776,1
7686,1656078634350792704,1
7687,1656085272248078336,1
7688,1556258709277495296,0
7689,1568341792252116994,0
7690,1656076042828906497,1
7691,1656085134007836672,1
7692,1656085710254874624,1
7693,1656079459261267968,1
7694,1598187775995826176,1
7695,1591942458174218240,0
7696,1656083786394906625,0
7697,1656047980246384642,1
7698,1656077685657853953,1
7699,1656081627527749632,0
7700,1656085522450731008,1
7701,1648639923266756608,1
7702,1656076431678668800,0
7703,1487274873449684993,1
7704,1618398680477843458,0
7705,1651680651567853581,1
7706,1656082153191636994,1
7707,1647967835618959360,0
7708,1532318609464250368,0
7709,1656082920350654469,0
7710,1574565219871100929,1
7711,1593933369271894016,0
7712,1656085984294080512,1
7713,1656086105991815170,1
7714,1654837062309236737,0
7715,1588129366906933250,0
7716,1656016490200731648,0
7717,1583587556708741120,1
7718,1656019772562186264,1
7719,1656084296967258112,1
7720,1539713252564811778,0
7721,1656084818507997186,1
7722,1509751740417159178,0
7723,1656036625539842057,1
7724,1656085815066230785,1
7725,1656079614031298560,0
7726,1622935709500964864,0
7727,1656082240546430976,0
7728,1481130844358021120,0
7729,1645073401642463233,0
7730,1634423939395997697,0
7731,1615074895070724110,0
7732,1613771573495828480,0
7733,1569331744125452289,1
7734,1652733649379270658,0
7735,1656086521345105921,0
7736,1505606152956035072,0
7737,1656085762432180225,1
7738,1540048745659867136,0
7739,1612960957562593280,0
7740,1492155600200888322,0
7741,1537171346903293952,0
7742,1656019124185595904,1
7743,1656084091899457538,0
7744,1642826054275588097,0
7745,1651590555133157377,1
7746,1656085682857693184,1
7747,1656085991352827909,0
7748,1656025436172763143,1
7749,1656085395333869571,1
7750,1656058244081807360,1
7751,1585868565701615616,0
7752,1640885273096593414,0
7753,1646892656482451456,0
7754,1656079539456425986,0
7755,1656012365656203296,1
7756,1650963150563340291,0
7757,1654756969582850050,1
7758,1598824053162184704,0
7759,1656069511412592641,1
7760,1656085940157427712,0
7761,1656024966679207948,1
7762,1656081045035565058,0
7763,1656067577888616448,1
7764,1519685452021829632,0
7765,1494912450302414848,1
7766,1656085037408722944,1
7767,1654983890707136513,0
7768,1656081251512602624,0
7769,1576268716165464064,0
7770,1598489720283078656,1
7771,1651800121149906947,1
7772,1500260223164067843,1
7773,1558408214319976449,0
7774,1656085727875158016,1
7775,1656084492413550593,0
7776,1656083919463395328,1
7777,1567964052055531521,1
7778,1655914438321655808,0
7779,1656081609479659522,1
7780,1550448889248882688,0
7781,1656055633064370178,1
7782,1656084774413389824,1
7783,1656035924810121216,1
7784,1656080717086969856,0
7785,1586518757479882752,0
7786,1656086630061551618,1
7787,1656084115823656961,0
7788,1656077789257437184,1
7789,1656080256988479489,1
7790,1656080166333075457,0
7791,1594698211335233536,0
7792,1618122753038778369,0
7793,1613686182424055808,0
7794,1652800633387487232,0
7795,1656006749172670465,0
7796,1656071547176595457,1
7797,1616289436895178752,0
7798,1649034017084264449,1
7799,1623346170415439873,0
7800,1494705029944524801,0
7801,1656079698341036032,1
7802,1646147863062417408,0
7803,1656080995387424768,1
7804,1655281513745858561,0
7805,1656075532985946112,1
7806,1656080478472896512,1
7807,1656079755131641857,1
7808,1655631317390819328,1
7809,1656086333901934593,1
7810,1656082174263558144,0
7811,1656080499624882178,0
7812,1656080467278307328,0
7813,1656007628508602372,1
7814,1656055173846908930,1
7815,1656079883183816705,1
7816,1656016828710232064,1
7817,1649158769425756160,0
7818,1656084748052340736,1
7819,1656083482576052226,1
7820,1656016758287761410,1
7821,1656058248145821697,1
7822,1656028242741014528,1
7823,1656050882687975427,1
7824,1647123975930105856,1
7825,1537130883563544578,1
7826,1656086122412355585,1
7827,1645440293766832131,0
7828,1643597678780231681,0
7829,1617176900249559040,0
7830,1647968272552173568,0
7831,1656042207667789825,1
7832,1656081559965913089,0
7833,1656010440781053953,1
7834,1629601912755552257,0
7835,1656085441400160256,1
7836,1656085949225287680,0
7837,1656025197646950401,1
7838,1601200568575430662,0
7839,1523612834403213312,0
7840,1575101756866023424,1
7841,1654586688876732416,1
7842,1512143239494651904,0
7843,1656086084537778178,1
7844,1613702351579119622,1
7845,1578839034633523200,0
7846,1656083138735398912,1
7847,1656078356842946561,1
7848,1656036043609522190,1
7849,1616605993604882434,0
7850,1656083171903979521,0
7851,1656085822880337922,1
7852,1653741752996470786,1
7853,1613323170735443970,0
7854,1656085073156886529,1
7855,1656030590100185089,1
7856,1646909437628813312,0
7857,1656085828572168192,1
7858,1656082376492023809,0
7859,1633489734369689600,0
7860,1656024453577416715,1
7861,1656060145154027532,1
7862,1656083696158494720,1
7863,1656085475965419520,1
7864,1539117414536953858,0
7865,1578211254329647104,0
7866,1587479371815784448,0
7867,1656067775444447232,1
7868,1655603558786424837,0
7869,1579597883321581568,0
7870,1656006593635393548,1
7871,1656054034464411648,1
7872,1629554159706939396,1
7873,1656086294882320384,1
7874,1656081223910051841,0
7875,1656011500656422913,1
7876,1618413412463292418,0
7877,1608304943877718017,1
7878,1656084876552986625,1
7879,1643523146526478336,0
7880,1638947214809759745,0
7881,1656027834006093824,1
7882,1656069876526587905,1
7883,1618340176765263872,0
7884,1650876200506777601,0
7885,1656048690283331587,1
7886,1656071489777442817,1
7887,1598427022036209664,1
7888,1656081006166790147,0
7889,1654276171461173250,1
7890,1656082930186473474,1
7891,1656086370459475968,1
7892,1600610597481373696,0
7893,1656079841370820614,0
7894,1628447652860899330,0
7895,1619319520925028354,0
7896,1652928367308464128,0
7897,1654826029544886273,0
7898,1656014088231682048,1
7899,1653794935642963972,1
7900,1574045595614187527,0
7901,1562530796149174273,0
7902,1654786596527558657,0
7903,1649484419076444172,0
7904,1555165139325812736,0
7905,1656063582675533824,1
7906,1656085813866958848,1
7907,1611438310441816069,1
7908,1483922256573222916,1
7909,1587822893093773314,0
7910,1656080067229896706,0
7911,1656009538003247116,1
7912,1627832623463538690,1
7913,1636758294768521216,0
7914,1656082659871735808,0
7915,1541244314239614977,0
7916,1654744024945766401,1
7917,1650694935119802371,0
7918,1656084636471267328,1
7919,1542715477188902913,0
7920,1614735332183867394,1
7921,1656080751547543552,1
7922,1628824214361735169,0
7923,1588859289271435264,0
7924,1656083603615531008,1
7925,1656080175849717764,0
7926,1654916206057381888,0
7927,1566107686554537988,0
7928,1656069424137502720,1
7929,1558426894424489984,0
7930,1656072556535791620,1
7931,1656066885878956033,1
7932,1656023784363630629,1
7933,1566709981163945984,0
7934,1526056649177370625,0
7935,1656069025699618816,1
7936,1656071682858319873,1
7937,1656082581589315585,0
7938,1656068477466075137,1
7939,1656080530646118400,1
7940,1656086385554489345,1
7941,1655982143644762133,0
7942,1514881695077466116,0
7943,1656083536137400320,1
7944,1573037747153129478,0
7945,1569453994409619457,1
7946,1656085428905148418,1
7947,1656086367011766272,1
7948,1656083111468302344,0
7949,1656027866553827331,1
7950,1656056569581240323,1
7951,1641220737397604352,1
7952,1637952231864401922,1
7953,1616420634892079111,0
7954,1584431836859465728,1
7955,1570397555258978309,0
7956,1545163314208047105,0
7957,1538180256732876800,0
7958,1526877653709467648,0
7959,1516711653437591553,0
7960,1651658995772301318,0
7961,1654923962160144384,0
7962,1652761095092797441,1
7963,1628078386592591875,0
7964,1656086242742738944,1
7965,1656084839508987905,1
7966,1656040295765794816,1
7967,1540409656111153153,0
7968,1544915471648133121,1
7969,1654079653047414785,0
7970,1656085378015858690,1
7971,1656085168254251010,1
7972,1516845312052441088,0
7973,1598541989662052352,0
7974,1656085303470292993,1
7975,1622958139585994760,0
7976,1656085324768985088,0
7977,1575111690928418816,1
7978,1656084897784811522,1
7979,1650760077001859073,0
7980,1577117814392991744,1
7981,1656084819187515393,1
7982,1635384861061165056,0
7983,1537460906787057666,0
7984,1656079071720218626,0
7985,1575215062574567425,1
7986,1656085504104775681,1
7987,1626939894797852674,0
7988,1656053072659898370,1
7989,1623849233244733441,0
7990,1656085835672944642,1
7991,1493808670513287174,0
7992,1656085373678944256,0
7993,1522471585998909442,0
7994,1649623088915709952,1
7995,1656085824822296578,1
7996,1605634630857605120,0
7997,1575200452958093313,1
7998,1631073903916339200,1
7999,1656008144990896128,1
8000,1656083720686960641,0
8001,1656047767599579136,1
8002,1648696339163942912,0
8003,1656007002089193472,1
8004,1594039067326713856,0
8005,1568012855789887488,1
8006,1638299511864049664,0
8007,1654914170775564288,1
8008,1581692077674373120,0
8009,1656067091097702404,1
8010,1656065537515085824,1
8011,1648322894647418880,0
8012,1656085176961871872,1
8013,1656084872421691394,1
8014,1656086063625166848,1
8015,1642322376607006721,1
8016,1499747263719038994,0
8017,1656069866141495298,1
8018,1656082047146835968,1
8019,1656084982379565058,1
8020,1656086424632934401,0
8021,1520015793093763077,0
8022,1500816418924740613,0
8023,1648743396771778560,0
8024,1656086330269466624,1
8025,1616162045711290368,1
8026,1602831715885531137,0
8027,1656086408279339008,1
8028,1656082448407728128,0
8029,1656069903093252099,1
8030,1650690306356985856,0
8031,1613212640943243267,0
8032,1656086002337738752,1
8033,1655174956978786305,0
8034,1656073203880534016,1
8035,1645816810866974723,0
8036,1656078519393218560,1
8037,1656079353573146624,1
8038,1656080155788423168,0
8039,1614018706123677696,0
8040,1655382948986724357,0
8041,1656068023336280064,1
8042,1656085687869886465,1
8043,1656076628743651328,1
8044,1656086192792940545,1
8045,1649401923907334148,0
8046,1573407732702625793,0
8047,1583186793150566400,0
8048,1554850838585126917,0
8049,1530083437914226691,1
8050,1656018491474944024,1
8051,1656062024000913412,1
8052,1656080780135677953,0
8053,1479318889993420800,0
8054,1656036404973977621,1
8055,1656075550467964928,1
8056,1656080916710674433,0
8057,1656014355257860105,1
8058,1656085322126467073,1
8059,1520535958923452416,1
8060,1582185049457250305,0
8061,1656074192620535808,1
8062,1590720640470118400,0
8063,1618381654539571201,0
8064,1618247854874673161,0
8065,1656085241830813697,1
8066,1561900073188999169,1
8067,1656077333890228225,1
8068,1593259378957688833,1
8069,1656085377541611520,1
8070,1636753179269296128,1
8071,1593094479141036032,0
8072,1656086509282271232,1
8073,1638594357665177611,0
8074,1487531715052683266,1
8075,1656058015143829505,1
8076,1656073211384152064,1
8077,1550282718856060928,0
8078,1656008663528611851,1
8079,1656084216466096134,0
8080,1620462558724624384,0
8081,1585387726664511489,0
8082,1517182930342203403,0
8083,1653959289021796359,1
8084,1656085063711195138,1
8085,1573010023156006912,1
8086,1656034239907766273,1
8087,1656085241562267648,1
8088,1656084764938452993,1
8089,1604839485786800128,0
8090,1656037963573149726,1
8091,1642241077502410752,1
8092,1607852579878473728,0
8093,1656086152804446208,0
8094,1652262239653572608,1
8095,1656067033552011264,1
8096,1620557757907697664,0
8097,1537789336728526849,0
8098,1641759591481442304,1
8099,1619026267491426304,1
8100,1656051493949120515,1
8101,1491902992232206339,0
8102,1620188571947896838,1
8103,1656076080023846912,1
8104,1595403035001647104,0
8105,1656059272432680960,1
8106,1652787663332691968,0
8107,1580745342970368000,0
8108,1569533567599771650,0
8109,1608035183604678656,0
8110,1598438300196524047,1
8111,1648891929793540099,1
8112,1656068128432873473,1
8113,1656013980169641985,1
8114,1656085009785319424,1
8115,1656061276932521984,1
8116,1656068649185341441,1
8117,1563495447339352065,0
8118,1644280107228332034,0
8119,1592199178326720512,0
8120,1656079475296092160,0
8121,1549245733232156677,1
8122,1656083145123299329,0
8123,1656011519598157825,1
8124,1568683111113969666,0
8125,1575918392116056064,1
8126,1569337476233449473,1
8127,1656028240790577155,1
8128,1575672213558403072,1
8129,1638554259016007681,0
8130,1656079066175361024,0
8131,1653013249028239361,0
8132,1656086187876970497,1
8133,1600495751804686338,0
8134,1570497863876247553,0
8135,1656085715518894081,0
8136,1646192864823590928,0
8137,1656078883869933568,1
8138,1656021576846909441,1
8139,1656085609876783105,1
8140,1656084857448173568,0
8141,1588949037163724800,1
8142,1656081242633252864,1
8143,1656079419880906752,0
8144,1572980012147691521,0
8145,1656084645371338752,1
8146,1563691814560960512,1
8147,1574422379861770246,1
8148,1545449129668759552,0
8149,1656085913938583552,0
8150,1597716018834685953,0
8151,1654191158497628164,0
8152,1656079327124152321,0
8153,1656027861566799881,1
8154,1656081515921522692,0
8155,1630982850173599744,0
8156,1555730085763751938,0
8157,1656010960010706945,1
8158,1654817653083766784,0
8159,1640338820246691842,0
8160,1656085653099012097,1
8161,1656081915651186690,1
8162,1656085205885628416,0
8163,1538624727228481541,0
8164,1656086437563957249,1
8165,1542161276570329099,0
8166,1656070975807684609,1
8167,1654135936228421632,1
8168,1530033690167885837,1
8169,1656027837726609409,1
8170,1635415734686826496,0
8171,1654972821364146176,0
8172,1656007886647042058,1
8173,1512975592160997382,0
8174,1624566469211062272,0
8175,1656082338151911425,0
8176,1496825751252844552,0
8177,1605667760985571329,0
8178,1656085734166761473,1
8179,1650347912025571329,0
8180,1483892826987454472,1
8181,1656071184750870529,1
8182,1656018058790551553,1
8183,1647939882952675331,1
8184,1650370968848670724,1
8185,1614604563612405760,1
8186,1656026758486040576,1
8187,1656074972228362242,1
8188,1656072958199181325,1
8189,1656082424483160064,0
8190,1656025127396491264,1
8191,1656048725876174852,1
8192,1656086557860802561,1
8193,1656086504484089862,0
8194,1656083261049942016,0
8195,1571122039431331841,0
8196,1656026650910310412,1
8197,1656082635628634112,0
8198,1617646303835721733,0
8199,1652049879034732546,1
8200,1656023119566446592,1
8201,1656020358258991126,1
8202,1656080336747364353,0
8203,1656084951333474304,1
8204,1649110766031601665,0
8205,1627864111294910466,1
8206,1656017418957856775,1
8207,1593309726091124738,0
8208,1656079071632080896,1
8209,1656077323869749248,1
8210,1655928930375696384,0
8211,1622596189139902466,0
8212,1654912159359414277,0
8213,1656064435679789056,1
8214,1656085372315611138,1
8215,1656079716707598336,0
8216,1637144634773176321,1
8217,1528248804742467586,0
8218,1656086016673959942,1
8219,1656079856923181067,0
8220,1638088040471056384,0
8221,1656083981975126017,1
8222,1656067776983777284,1
8223,1656009400362971138,1
8224,1539730138467803157,0
8225,1602105363674939394,0
8226,1656086466424975361,0
8227,1497238844244062209,0
8228,1656085510694244353,1
8229,1656081444530184193,0
8230,1570560412491608066,0
8231,1656079890968354817,0
8232,1651831705291067393,1
8233,1656086204905930752,1
8234,1656085144300601344,1
8235,1588579030680363009,0
8236,1612960974050365443,0
8237,1633656107389579266,0
8238,1656067867148779520,1
8239,1655943420991664128,0
8240,1649936935547473920,0
8241,1653142403593781249,0
8242,1656079569445699584,1
8243,1631682550371418115,0
8244,1602913287024545792,0
8245,1628535409390002179,0
8246,1576072920119771136,1
8247,1609089653759512576,0
8248,1656085792886861826,1
8249,1656083964723961857,0
8250,1644767518626660353,0
8251,1656068400156639234,1
8252,1656079089592139777,0
8253,1617236007858106369,1
8254,1656086028115902465,1
8255,1656085467270643712,0
8256,1536887620885786633,0
8257,1656079908030889984,1
8258,1656078931659726849,1
8259,1644706098870464512,0
8260,1656084346313535488,1
8261,1616789165538004992,0
8262,1637408836326682626,0
8263,1656052991177154560,1
8264,1656085171689385985,1
8265,1656086587527114754,0
8266,1656076311641874433,1
8267,1579057027955187712,0
8268,1537468541422563328,0
8269,1656083439479554050,0
8270,1656040106262659072,1
8271,1656072011733401606,1
8272,1656085014252068866,1
8273,1504884298335330306,0
8274,1622081120555737088,0
8275,1656021659579568129,1
8276,1656086551561146368,0
8277,1656086159242526720,1
8278,1655386179905421317,0
8279,1656078891386036227,1
8280,1488278321959952386,0
8281,1481027015033737216,1
8282,1656082964151963648,0
8283,1605569034275409932,0
8284,1656052117159780352,1
8285,1656038131378864138,1
8286,1643110087890972673,0
8287,1656085854048206848,1
8288,1656086397282050048,1
8289,1614612354330931202,0
8290,1656080470168293378,0
8291,1567921315889258502,0
8292,1656084849910743041,1
8293,1577096163601174529,1
8294,1529455731329708032,0
8295,1654549027382239234,0
8296,1618324822982811665,0
8297,1656082812292804609,0
8298,1656083280179998721,0
8299,1656075618297978884,1
8300,1656084899986563077,1
8301,1656080685516353537,1
8302,1656071851435610115,1
8303,1642615157410136065,1
8304,1656081677343510535,0
8305,1615758486276812803,1
8306,1656083628902711297,1
8307,1656084580271620102,0
8308,1613981594695659525,0
8309,1656045284470734861,1
8310,1656042356745879585,1
8311,1656084733653131265,1
8312,1656044034278735872,1
8313,1656021531993178112,1
8314,1609127489993084929,0
8315,1623053169688469504,1
8316,1656085941885313024,0
8317,1656016069528518658,1
8318,1656074548679258119,1
8319,1567362613700337664,0
8320,1616601473315663876,0
8321,1656081537496915970,0
8322,1530266191843012609,0
8323,1604944678373171226,0
8324,1551262140811874305,0
8325,1656054881059258370,1
8326,1656012897615585335,1
8327,1656085933807075331,1
8328,1495849124004089869,0
8329,1656081702870040577,0
8330,1656084788577533953,1
8331,1591157093960220688,0
8332,1572176391931842562,0
8333,1636560402552061957,0
8334,1596314164833980416,1
8335,1653402743556505606,0
8336,1590796449394352128,0
8337,1656074497785511936,1
8338,1656085956871573504,1
8339,1611206538605252608,1
8340,1656085198063140864,1
8341,1575280458803339264,1
8342,1556210294464069632,0
8343,1565063399863717889,1
8344,1503355264052858885,0
8345,1589890467516358656,0
8346,1646445693203095552,1
8347,1655731081792946178,0
8348,1656043896026329088,1
8349,1532424686906265602,1
8350,1550322262733213703,0
8351,1656071041737805824,1
8352,1656066338450710528,1
8353,1656085241973407746,0
8354,1625604194240729088,0
8355,1656086219888164865,1
8356,1656080140382642177,0
8357,1655300678741561344,0
8358,1492798626216640514,1
8359,1656086187512147968,1
8360,1656081401291198464,0
8361,1656085276932833282,1
8362,1520856843672711168,0
8363,1593121575439863808,0
8364,1654625371537514498,0
8365,1656027029005844537,1
8366,1594528711768170500,0
8367,1540441443629670400,0
8368,1656085769436397569,1
8369,1656085822922461185,1
8370,1656080244749500416,0
8371,1656085216061194242,0
8372,1656084691819327489,1
8373,1656084841610215425,1
8374,1656085081553793027,1
8375,1656075863740370944,1
8376,1656068039958208512,1
8377,1577632754967126017,0
8378,1656085640100847616,1
8379,1619131328171241473,0
8380,1656085814680453126,1
8381,1651421424454864897,1
8382,1656050812693409792,1
8383,1656082033771257856,1
8384,1656080251418550273,0
8385,1536872655588057089,0
8386,1576019868586909696,1
8387,1656023141255368705,1
8388,1656084715982540801,0
8389,1652203594148446209,0
8390,1656075015689830400,1
8391,1656081611883171841,0
8392,1656086228398383105,1
8393,1575188370980208640,1
8394,1656086235532623873,1
8395,1656030592184483841,1
8396,1603494709116039168,0
8397,1654509476270014464,0
8398,1656082868118880256,1
8399,1580541431001001984,0
8400,1620905692130590724,0
8401,1572980249922777088,0
8402,1656079227513364483,0
8403,1656069436212912128,1
8404,1624043670210072576,0
8405,1604186917939060737,0
8406,1656084653449658375,1
8407,1614056430822211586,0
8408,1656082882266554368,0
8409,1656085136989999105,1
8410,1655546170888839171,0
8411,1656085504293769218,1
8412,1567709255335034880,0
8413,1490415508050657280,0
8414,1612921499752583175,1
8415,1561445593779646464,0
8416,1656031771484364801,1
8417,1650983041785888768,0
8418,1656079524839186432,0
8419,1655563274463899649,1
8420,1633484191404027912,0
8421,1594692799534100482,0
8422,1656074978121379841,1
8423,1622696170114936832,0
8424,1656066433372114945,1
8425,1656081990452670465,1
8426,1656085806778404864,0
8427,1656081746658578435,0
8428,1656084757585829888,1
8429,1651610984283242496,0
8430,1654870625893195777,0
8431,1656086631420444672,0
8432,1563186691799941121,0
8433,1514026847843102728,0
8434,1632889872141746186,1
8435,1589171281735389184,0
8436,1583704888550514689,0
8437,1656086109397344258,0
8438,1604969641570455552,0
8439,1656085368423194626,1
8440,1656086140422586369,1
8441,1656082414861529089,0
8442,1656015010911461387,1
8443,1656084581932564481,1
8444,1642921049145888768,0
8445,1656055178938798087,1
8446,1639022456060125184,0
8447,1626991286623391749,1
8448,1656086382605901825,1
8449,1571877798918094852,1
8450,1643109277689847808,0
8451,1544239307766079488,1
8452,1573574915965407232,0
8453,1656074259306012673,1
8454,1656012392172593227,1
8455,1656086053353054208,1
8456,1656077040456732672,1
8457,1567987046353887232,0
8458,1656080883751743488,1
8459,1649647217240850432,0
8460,1654606699095834626,0
8461,1656085261997203456,1
8462,1636968268216016898,1
8463,1519459897645088769,0
8464,1656084203056889856,0
8465,1648062290812456967,0
8466,1612744478061723648,0
8467,1656083451743723520,0
8468,1650613130790150144,1
8469,1656085270884921344,1
8470,1654809910054469632,0
8471,1656086603587104770,1
8472,1656032216818896901,1
8473,1656085052428808192,0
8474,1656086130100428803,1
8475,1522434810865717248,0
8476,1618593968014626817,1
8477,1621198931525861379,0
8478,1656070358179409921,1
8479,1656051229787553795,1
8480,1558748320679563264,0
8481,1656085630344916993,1
8482,1656080561679597568,0
8483,1656059866669088768,1
8484,1534806017623605248,0
8485,1654932953066078208,0
8486,1576517428527632384,0
8487,1650264498056597504,0
8488,1575134775085498368,0
8489,1604625269226102784,0
8490,1631181176932302850,0
8491,1656086263579942912,1
8492,1594374917050748929,1
8493,1610759226741166086,0
8494,1653867295402348545,0
8495,1625746210123546625,0
8496,1656086630636085248,1
8497,1615066257249947648,0
8498,1590942475522174979,0
8499,1656049079145705476,1
8500,1578443780956749824,0
8501,1575732329422925824,1
8502,1643675331373539341,0
8503,1656069554227879936,1
8504,1594476573851545601,0
8505,1656084881552670725,0
8506,1656081206482534401,0
8507,1653680177304711169,0
8508,1656079438420021248,0
8509,1656086038803038211,1
8510,1557422938441232384,0
8511,1656078522597748741,1
8512,1545211302993448960,0
8513,1656083715527720961,0
8514,1656085434844209153,1
8515,1656023309430005764,1
8516,1656016715887648801,1
8517,1656019480697348118,1
8518,1656086607550636038,1
8519,1656079435198611459,0
8520,1631903274545627136,0
8521,1559090588795936770,0
8522,1612539949714411520,1
8523,1490687818879975430,0
8524,1538818530388451328,0
8525,1656073840114515969,1
8526,1656045656606162952,1
8527,1579825125436051462,0
8528,1656024659425468443,1
8529,1656003612815032321,0
8530,1656076212450611200,1
8531,1656086381322461185,1
8532,1610331341845041154,0
8533,1656086466966028293,1
8534,1643237025322000385,0
8535,1656078762042351621,1
8536,1492866147149963266,0
8537,1654879093765046274,0
8538,1599779296650100739,1
8539,1603008907479289858,0
8540,1617266681348333568,0
8541,1656085108669968384,0
8542,1656030128420581377,1
8543,1656020047536455681,0
8544,1592849974512984066,0
8545,1656083402217381888,0
8546,1656086209678934016,1
8547,1656054780203085826,1
8548,1654141123034587136,0
8549,1656085479706484737,1
8550,1656007388376227843,1
8551,1656026779163795468,1
8552,1517519067271344128,0
8553,1624830257852297221,0
8554,1656006891745468416,1
8555,1656082173886353408,0
8556,1656084221042085890,0
8557,1561269230653300737,0
8558,1656078561705443329,1
8559,1580276572828758016,1
8560,1656083828211843073,1
8561,1627745304375136288,0
8562,1598779671529000962,0
8563,1647365297953710083,0
8564,1575018887359320066,0
8565,1656046600861433865,1
8566,1656085456952459264,1
8567,1574178284849561606,0
8568,1562199534520143872,0
8569,1652483188382482433,0
8570,1629994915068354564,0
8571,1504498295875514373,1
8572,1642485272175693825,0
8573,1597586045641854977,0
8574,1565614265779765248,0
8575,1545770497853505537,0
8576,1656086546674511874,1
8577,1656086392160616450,1
8578,1656086570770808837,1
8579,1526971641548484609,0
8580,1654233101856542720,0
8581,1656065154885337089,1
8582,1484767565864124418,0
8583,1656075436147834880,1
8584,1656070181897076739,1
8585,1571638481281232896,0
8586,1656025638384353310,1
8587,1603511620663123988,0
8588,1656082086518718465,0
8589,1656051881590894594,1
8590,1582403983288606720,0
8591,1656068411401682944,1
8592,1656086568145231873,1
8593,1656025977292722176,1
8594,1523799508534296577,0
8595,1656082141409624064,1
8596,1614125155684601856,0
8597,1656083116681748481,0
8598,1586526400563011584,1
8599,1654860517280829440,0
8600,1656081601212686336,1
8601,1574045579482583042,0
8602,1653123239823163394,0
8603,1598137648446861313,0
8604,1655369327187574785,0
8605,1641489856718344192,0
8606,1656080356724834305,0
8607,1654617511000965120,0
8608,1656083275176194049,0
8609,1557912480214425602,0
8610,1656076055919095808,1
8611,1643071372493484035,0
8612,1656078800050855936,1
8613,1656035974873243648,1
8614,1656038107328950273,1
8615,1654501182176481282,0
8616,1656085795587989508,1
8617,1649471279391551488,0
8618,1603636056921866240,1
8619,1624095839852409026,0
8620,1656079992185401344,0
8621,1656068646509182981,1
8622,1567939681022607365,1
8623,1656080011378540545,1
8624,1569222841585012737,1
8625,1656048217069371437,1
8626,1643176600240812032,0
8627,1656062487136186368,1
8628,1656084878306295809,1
8629,1581393940380778496,0
8630,1656086399945428992,1
8631,1656074294781259777,1
8632,1655753691884920832,0
8633,1656085427957403649,1
8634,1656086045988106241,1
8635,1545498100923371520,1
8636,1625331296317722624,0
8637,1656083494164938752,0
8638,1591474401769566214,0
8639,1636602322771140608,1
8640,1656082954958045184,0
8641,1533803519840509952,0
8642,1605291876520808455,1
8643,1656019122495397891,1
8644,1478107187608268804,0
8645,1656029921137836039,1
8646,1656070969532751872,1
8647,1656084149562646528,0
8648,1570531237961371650,0
8649,1656074499492642817,1
8650,1649132729102123008,1
8651,1656009178216042496,1
8652,1624068184889253888,0
8653,1656020137437274148,1
8654,1584882183180759040,0
8655,1651240484751245321,0
8656,1656030748107841538,1
8657,1545626249262874624,0
8658,1656021021189894145,1
8659,1505278021951004675,0
8660,1616915468400328706,0
8661,1649381628014206976,1
8662,1603723893985972229,0
8663,1585722661056847872,1
8664,1578209126370476033,1
8665,1656075002565804035,1
8666,1620635526096359424,0
8667,1631353812714700803,1
8668,1573351929539104769,1
8669,1638718547957530624,0
8670,1656085599466684416,1
8671,1656012873296932870,1
8672,1656040569443844097,1
8673,1656085776898088962,1
8674,1656086158013497344,1
8675,1656085152869797891,0
8676,1530122161561620480,0
8677,1656081959355924481,0
8678,1549084811490476032,1
8679,1629509542718349314,0
8680,1564636192808865799,1
8681,1642816407896489985,1
8682,1656067868331593728,1
8683,1656086069257940992,1
8684,1646389201322283008,1
8685,1583612606853832704,0
8686,1656085870838001664,1
8687,1554470080607567873,0
8688,1565476208128802816,1
8689,1613558951064248322,0
8690,1612917196254216192,0
8691,1656086322489032706,1
8692,1577593540284235776,1
8693,1575128877269229568,1
8694,1489639359653584905,0
8695,1656028020153434115,1
8696,1656017656883945498,1
8697,1656084697707954177,1
8698,1656084703395323904,1
8699,1655283665067204618,0
8700,1558827546254315520,0
8701,1652557426548244481,1
8702,1656049026456756229,1
8703,1575113725534965761,1
8704,1560353634428370949,0
8705,1642923616361750529,1
8706,1656086629336100864,1
8707,1656074055760355330,1
8708,1646210472436457472,0
8709,1656085477139664897,1
8710,1656084543852408833,1
8711,1656074411081101312,1
8712,1562664749870882817,0
8713,1566811045141704704,1
8714,1548468880758042625,0
8715,1656084702690779140,0
8716,1655241580880470016,1
8717,1656085629128654848,1
8718,1610851153889136641,1
8719,1656086221981122561,1
8720,1634268890489409537,0
8721,1485221543437377539,0
8722,1656085726696464386,1
8723,1656009944884191232,1
8724,1656045074914988032,1
8725,1656085062775914498,0
8726,1656086197473607681,1
8727,1576229356707647488,1
8728,1635998134873489412,0
8729,1651056354813960196,0
8730,1587842557161218051,1
8731,1656082171122032642,0
8732,1633134421481259008,0
8733,1585464312377778176,1
8734,1516848032897187840,0
8735,1517496694258102272,0
8736,1656086134110208004,0
8737,1656080156279074816,1
8738,1656033876827881497,1
8739,1656084502064644096,1
8740,1614495966245322754,0
8741,1656083451018194944,1
8742,1656067958882304000,1
8743,1656086589683171328,1
8744,1615754696278278161,0
8745,1656086535198892032,1
8746,1656039265300561960,1
8747,1656080489680191489,1
8748,1642878490818035712,0
8749,1656083194968526850,0
8750,1655683835911077888,0
8751,1656081388477489152,1
8752,1656079958282846209,1
8753,1502476358244618244,0
8754,1656086602744049665,1
8755,1567246568226521093,1
8756,1602669925641887745,0
8757,1655240098177220610,0
8758,1656085639593443330,1
8759,1629427299287445504,0
8760,1656086303673335809,1
8761,1656022754917851137,1
8762,1655675636063543318,1
8763,1656086275026198530,1
8764,1642083032390565888,0
8765,1647830250590535681,0
8766,1656085732157431809,1
8767,1656066677283381250,1
8768,1577788727233060867,1
8769,1656086184395718658,1
8770,1605598141352378370,0
8771,1656078903914422273,1
8772,1656080340790702080,0
8773,1656078913745960962,0
8774,1654580537414103040,0
8775,1649149543663955969,0
8776,1603737843779731459,1
8777,1656022105044000811,1
8778,1656084855455641600,1
8779,1567586884200660996,0
8780,1619517951182512129,0
8781,1648883099298824198,0
8782,1656084061700386817,0
8783,1613603975227375618,0
8784,1656082831091683328,0
8785,1576601401362419714,0
8786,1656085812914552833,1
8787,1655777158290186241,0
8788,1592667513766252544,0
8789,1656008277480681474,1
8790,1594416785331261442,1
8791,1656086567054635009,1
8792,1647815350971518977,0
8793,1656084072542748674,0
8794,1656083185074163712,0
8795,1656084458385321990,0
8796,1555109871799996418,1
8797,1621980499848691713,0
8798,1656082257373806594,0
8799,1640147092969758720,0
8800,1507513843831894016,0
8801,1656036170130767875,1
8802,1514457708296118280,0
8803,1542469862253281280,0
8804,1656086561497264128,0
8805,1522179954338930689,0
8806,1656042044572221452,1
8807,1656010720524537856,1
8808,1602344933549015043,0
8809,1654633475297914880,0
8810,1604446728811417602,0
8811,1619399796103725056,0
8812,1656085669716926464,0
8813,1656021050055098373,1
8814,1656021373167313042,1
8815,1511113781983977473,0
8816,1575168971258609664,0
8817,1568311661123043329,0
8818,1563886367507038208,0
8819,1483708257638273024,0
8820,1656072211822780417,1
8821,1593180875520413701,0
8822,1656082920778395648,1
8823,1611176208292528131,1
8824,1538563473537478656,0
8825,1539187370553139200,0
8826,1656084743518052357,1
8827,1654857523050979330,0
8828,1656069982961168384,1
8829,1614041611851436032,0
8830,1477145963391115266,0
8831,1656085020388278274,1
8832,1656068434436792321,1
8833,1655557874704338946,0
8834,1636123532714463232,0
8835,1630340449335427074,0
8836,1656084670675550208,1
8837,1563837592713531392,0
8838,1654848554903699456,0
8839,1568010571127336961,1
8840,1656082820089905157,0
8841,1654741425521672192,1
8842,1637765075812462592,0
8843,1656086636286074880,1
8844,1646594638055129088,0
8845,1655489155152097282,0
8846,1655840524316872705,0
8847,1630579863919943682,0
8848,1656080540594843648,0
8849,1656072184224268291,1
8850,1557906588018647040,1
8851,1546504463510372355,1
8852,1649127835628634112,0
8853,1656085012372914179,1
8854,1656069556517969920,1
8855,1656086097636499457,1
8856,1618403980425543681,0
8857,1656084085658337281,0
8858,1656085460639252481,0
8859,1643881554660282368,0
8860,1567187576565469185,1
8861,1610309298474590210,0
8862,1623480536533504008,1
8863,1656084766381228034,1
8864,1656070095490420737,1
8865,1647956777571430401,0
8866,1628997486609137664,1
8867,1655467558189821952,0
8868,1604633807566635009,0
8869,1647019819550515200,0
8870,1584384169727397888,0
8871,1604323631038812160,0
8872,1646427321736519680,0
8873,1656069185015889921,1
8874,1559710235433975809,0
8875,1609643308254625792,1
8876,1656079181745201154,0
8877,1582407035563307008,1
8878,1654506051696308231,0
8879,1656084668238757890,1
8880,1635272005498044426,0
8881,1656083000822730752,1
8882,1656085609188929543,0
8883,1656055454428962821,1
8884,1597949012677922817,0
8885,1656085007348187136,1
8886,1600382254790082562,0
8887,1650530899677663233,0
8888,1656080665140502531,0
8889,1654732316319662082,0
8890,1656075916685238272,1
8891,1656078959560253442,1
8892,1603857499878486016,0
8893,1638181866762301440,0
8894,1656086252452728832,1
8895,1628076032392671234,0
8896,1656086149574582273,1
8897,1656086227940933633,1
8898,1498859525973102598,0
8899,1656072082437066752,1
8900,1654512888059506688,0
8901,1656086148215873536,1
8902,1583229932125052929,0
8903,1656049872523472896,1
8904,1656066917659033600,1
8905,1640484421542330369,0
8906,1656084282853715968,0
8907,1656012941198602242,1
8908,1655945879172546561,0
8909,1651680538145574912,1
8910,1602891090645901312,0
8911,1479085639589056514,0
8912,1652409694927945730,1
8913,1656078994930900995,1
8914,1656085173736202240,1
8915,1641749133114441729,0
8916,1563542102595670016,0
8917,1644959144871337984,0
8918,1656042215137787926,1
8919,1656082066646392832,0
8920,1656023383048597504,1
8921,1629814826565263361,0
8922,1656072852091838465,1
8923,1621250863049183232,0
8924,1568617849731649539,1
8925,1575718624978952193,0
8926,1656028791989497856,1
8927,1656079232718737408,1
8928,1656083426091634689,1
8929,1654793187423322113,0
8930,1656059011400081408,1
8931,1526974898790445057,0
8932,1483114682600857601,0
8933,1656083626482712576,0
8934,1656081550553894913,1
8935,1656082386809962496,1
8936,1656085908976967681,1
8937,1592222451802714112,0
8938,1656079317942632448,0
8939,1656076068963639298,1
8940,1656008229002829824,1
8941,1656079813252349953,0
8942,1645654223135162372,0
8943,1568851359516033031,1
8944,1633197384737103874,1
8945,1539350949168390148,0
8946,1656017335596064816,1
8947,1656064098457595905,1
8948,1631684741782175750,0
8949,1572806179994357761,0
8950,1604968071642632193,0
8951,1635089096606625793,0
8952,1616661998523285504,0
8953,1538620195924848644,0
8954,1654777785741721601,0
8955,1631186682228936705,0
8956,1656084016385204225,0
8957,1548690874220965889,0
8958,1656009229688270849,1
8959,1649002101316673536,0
8960,1628903042199199745,0
8961,1628087603684683791,0
8962,1649001864409522176,0
8963,1656081246194114561,0
8964,1656081971167268864,1
8965,1656048346253934622,1
8966,1656019815843373057,1
8967,1608843453642985473,0
8968,1499878618633285638,0
8969,1655128682896191488,1
8970,1651959233632702465,1
8971,1656056949346279424,1
8972,1534522089360719872,0
8973,1656086207426875392,1
8974,1638444193956732928,0
8975,1609807611620196352,1
8976,1656073223518208000,1
8977,1550463364106780672,0
8978,1656014602667278336,1
8979,1656068459325710336,1
8980,1656085062151012353,1
8981,1656034178314518529,1
8982,1656086453406044166,0
8983,1656068522819354624,1
8984,1577373449517150208,0
8985,1629642162072883202,0
8986,1656085092479975425,1
8987,1654971162575904768,0
8988,1625029043920990210,0
8989,1656086079584325633,0
8990,1642112706416373761,0
8991,1574502530343747584,0
8992,1601841726188322816,0
8993,1656085311389069313,1
8994,1577416618757455873,0
8995,1491286250996654083,0
8996,1655219501980418050,1
8997,1656085641652838403,0
8998,1655235408081428482,0
8999,1572577802372915202,1
9000,1536846018490286084,0
9001,1656085013820223489,1
9002,1630661938601402385,0
9003,1656086327081725952,1
9004,1656084986703773699,1
9005,1654818354807582722,0
9006,1656086327765479424,1
9007,1656075650959314944,1
9008,1656083001694879745,0
9009,1656085816685350912,1
9010,1610803267101151233,0
9011,1656080720291397636,0
9012,1656085139410276353,0
9013,1642256039826300928,0
9014,1514312959161507845,1
9015,1571774534021271553,0
9016,1568276548712628227,0
9017,1561369164706590721,0
9018,1590223666755043330,0
9019,1656086013247119360,0
9020,1596832047393173504,0
9021,1545709352580947968,1
9022,1656085456776314880,1
9023,1655069554861654016,0
9024,1655802566104477698,0
9025,1656083269509844992,1
9026,1645835709935124489,0
9027,1656085342229856260,1
9028,1481317550327799809,0
9029,1549046611032084480,0
9030,1563603782151286784,1
9031,1656080547012132864,1
9032,1627911073260277761,0
9033,1656017726488604672,1
9034,1644739638567792640,0
9035,1648860775921090560,0
9036,1532769401723834369,0
9037,1656080610585202688,0
9038,1512286299264278528,0
9039,1591349571380469760,0
9040,1563386123178881027,0
9041,1655764108619177984,0
9042,1656085144418111489,1
9043,1656086378965348353,1
9044,1621286001858551808,1
9045,1656084113974067200,0
9046,1656084730201395201,0
9047,1603465233988784137,0
9048,1656082289716084740,1
9049,1656079631622045696,0
9050,1656085752365867008,1
9051,1622678021265100829,0
9052,1656085842585088006,0
9053,1589898346273333250,1
9054,1510645545215401990,0
9055,1565779289873813507,0
9056,1656036642321498112,1
9057,1620056530686201861,0
9058,1656076342499131392,1
9059,1656032155426799619,1
9060,1646818679772856320,1
9061,1654944623838609409,0
9062,1635357111801765889,0
9063,1653569885124059136,0
9064,1652182723363065858,1
9065,1647595085041913859,0
9066,1654636314980159488,1
9067,1598701265852178436,0
9068,1616714823341072386,0
9069,1656085326878867457,1
9070,1623995447659593728,0
9071,1656041087067144201,1
9072,1478948154896699394,0
9073,1640722088733421568,0
9074,1656083516864729088,1
9075,1608027473823801344,0
9076,1656083336375222274,0
9077,1656069907430211584,1
9078,1529035555111161856,1
9079,1599165586810052608,0
9080,1656086008985731072,1
9081,1653861872758562818,0
9082,1656050112320217089,1
9083,1656079829886996481,0
9084,1649717606222528513,1
9085,1656086392378740736,1
9086,1656086225802121216,1
9087,1656083378880249859,1
9088,1613762768058081280,0
9089,1643309542132817946,0
9090,1570396226251788288,0
9091,1487923385602560001,0
9092,1653129048871272448,0
9093,1594677008646123520,0
9094,1654883441568100352,0
9095,1656086439514238976,1
9096,1656085466649886720,1
9097,1656082758467289088,0
9098,1560337598291316739,0
9099,1654501355627716608,0
9100,1579445359880769536,0
9101,1656074003411263490,1
9102,1656080690398519297,0
9103,1656034679420534799,1
9104,1570910591295913986,0
9105,1573844217218097152,1
9106,1656075001781526529,1
9107,1656022266998554626,1
9108,1633683133332877313,0
9109,1551548714719842305,0
9110,1656080147546533892,0
9111,1656085596354277377,1
9112,1656069205563781122,1
9113,1656086010478960643,0
9114,1656014470701883402,1
9115,1656083621910806529,0
9116,1656081184714027019,0
9117,1483256212753846277,1
9118,1656007009316257793,1
9119,1593474644924940288,0
9120,1656086631621730309,0
9121,1656080219537649666,0
9122,1656085297430507522,1
9123,1634300150586671106,0
9124,1656086447252729858,1
9125,1656086466228027392,1
9126,1568073598769717248,0
9127,1656069409897852928,1
9128,1656077261353762816,1
9129,1616088259569893378,1
9130,1588547266176057345,0
9131,1636471649951449099,0
9132,1601048220590780418,0
9133,1647847635561095170,0
9134,1521659423646748672,0
9135,1655096287665229826,0
9136,1564244398518554625,0
9137,1656086236170268673,1
9138,1656032265028382720,1
9139,1656085165070856194,1
9140,1655782055022678017,0
9141,1656027008097288195,1
9142,1656083256578654208,0
9143,1656058109620633602,1
9144,1603725022136340480,0
9145,1656081113930948612,1
9146,1656086538625728514,0
9147,1656084799780536320,1
9148,1655886156582604800,1
9149,1656075888851668992,1
9150,1636121307719802881,0
9151,1656074691377872897,1
9152,1481908866623447040,0
9153,1656081541276082176,0
9154,1656077655316258816,1
9155,1656065958765625346,1
9156,1535581423385575424,0
9157,1656085742005678080,1
9158,1579530492449202177,0
9159,1513807053311127558,1
9160,1648371301315231750,0
9161,1656083417618870272,1
9162,1656004001891065861,0
9163,1581277104993632256,0
9164,1654744980945006593,0
9165,1644317460626014208,0
9166,1539366026156064770,0
9167,1656085947417493504,1
9168,1533872730126405633,0
9169,1560612934438600704,0
9170,1656048361709944844,1
9171,1650974519316852736,0
9172,1656086636734578690,1
9173,1572343288329555970,0
9174,1656036107677749248,1
9175,1656042290178080777,1
9176,1656086162010783747,0
9177,1656073058535473154,1
9178,1656085285946499074,1
9179,1653234189053972482,1
9180,1656076455535861761,1
9181,1655574019893084166,1
9182,1501169621084553217,0
9183,1655797299644338176,0
9184,1596921544609079296,0
9185,1633860607815344129,0
9186,1563386153835053056,0
9187,1481812186020392962,0
9188,1570370175115075585,1
9189,1656080345979027464,1
9190,1538483650517471238,1
9191,1656086594451824641,1
9192,1656085027136970754,0
9193,1511305183975940098,0
9194,1656085462438608896,1
9195,1578779252614316032,0
9196,1518727572464574464,0
9197,1656086645752442885,1
9198,1572234027939274754,0
9199,1656067742175207424,1
9200,1608028732521865216,0
9201,1638168044231966720,1
9202,1652296548473098244,1
9203,1498225240039735297,0
9204,1656028542851850246,1
9205,1628430553346375681,0
9206,1652729406098423811,1
9207,1590765743938965525,0
9208,1656074742741319687,1
9209,1617754615025475590,0
9210,1656085241222819841,1
9211,1611143537399320576,1
9212,1656083531368472576,0
9213,1656083477643534338,0
9214,1518168314001825792,0
9215,1656086040480821250,1
9216,1656081182117842945,0
9217,1621042986535493634,0
9218,1656079275777245184,0
9219,1591034595361058819,0
9220,1630190097722388480,0
9221,1656083373595451394,0
9222,1656079862652608515,0
9223,1577833800637321218,1
9224,1656086247050297344,0
9225,1656075841493778433,1
9226,1656077061188878339,1
9227,1656079383482826756,1
9228,1656025838825947157,1
9229,1555142536942931970,0
9230,1656072759305289728,1
9231,1656061645049810945,1
9232,1568709581928546304,1
9233,1656009080480362496,1
9234,1547503680424841217,0
9235,1656085301947781122,1
9236,1656033358973943820,1
9237,1656022475728388096,1
9238,1656084848795086848,1
9239,1580694318951837698,0
9240,1656084698282557442,0
9241,1603028560742055942,1
9242,1656078550728884224,1
9243,1656037816705400837,1
9244,1656086544225038336,1
9245,1648116136200863745,0
9246,1560310467507396608,0
9247,1564630019103653901,0
9248,1656013214927454208,1
9249,1564338678956056577,0
9250,1656085489286250496,1
9251,1608741251960164353,0
9252,1541726872337268736,0
9253,1635404006343471105,1
9254,1656048349307387908,1
9255,1595054769399336960,0
9256,1656082793687040001,0
9257,1656085340787204096,1
9258,1656045870830239779,1
9259,1656070790796963840,1
9260,1526283655735349249,0
9261,1629851568013967363,1
9262,1630625209467191296,1
9263,1480735821414420480,0
9264,1656085998927790080,1
9265,1654809467811164161,0
9266,1656041424054550530,1
9267,1519674889006891010,0
9268,1619578605780217858,0
9269,1656085531015663617,1
9270,1656079533710139392,0
9271,1656086157661200387,1
9272,1656079883221516291,0
9273,1656035058950520846,1
9274,1650252356842340358,1
9275,1656078242623651844,1
9276,1655229676753747969,0
9277,1656070121931038721,1
9278,1656085774801203202,1
9279,1656070889807519746,1
9280,1656085777263251456,1
9281,1656069576356945921,1
9282,1505812719181746178,0
9283,1656085067645571072,1
9284,1513398056913457152,0
9285,1549297206657941507,0
9286,1656085148339953664,1
9287,1547944477695717377,0
9288,1656086496657408000,1
9289,1656086182680313857,1
9290,1656084573543968774,0
9291,1656079475778416640,0
9292,1656080729468534786,0
9293,1621618554054262786,0
9294,1656073413075640321,1
9295,1534558059661512707,1
9296,1656015377254555651,1
9297,1573268929509728258,0
9298,1538767669129883648,0
9299,1591130115114946560,0
9300,1656083705193013248,0
9301,1645481731741368320,1
9302,1655722587903672321,0
9303,1639737617489993730,0
9304,1532777537557909504,0
9305,1598251443773149184,0
9306,1571499388308004865,0
9307,1656085582982832130,1
9308,1654799112062267394,0
9309,1656086640480202752,1
9310,1656085402392883204,1
9311,1656086525287825408,1
9312,1656028835866112000,1
9313,1644555847983579137,0
9314,1656072431096803328,1
9315,1528798713690304512,0
9316,1579850632894517248,1
9317,1656080769951907841,0
9318,1562877892778139649,0
9319,1646292178715697152,1
9320,1628090676289077253,0
9321,1544668000690716672,0
9322,1572635227880570884,1
9323,1537064291782004737,0
9324,1656084936640851968,1
9325,1553819495101341696,0
9326,1594804230568681495,0
9327,1650456474894712834,0
9328,1629925451014586369,1
9329,1655707526787133440,0
9330,1602347355113603072,1
9331,1656074479926386690,1
9332,1656071629271646208,1
9333,1656077271227068416,1
9334,1656064884671496194,1
9335,1628470789958733825,0
9336,1656080851359133696,1
9337,1656070105447497728,1
9338,1656055883497873409,1
9339,1648451886041956352,0
9340,1566640417743175681,0
9341,1656086167811510272,1
9342,1549250690836361216,0
9343,1625402491704872960,0
9344,1562839761118953473,0
9345,1656075492364042240,1
9346,1656074380189761536,1
9347,1656085558542622720,1
9348,1656081817881960453,0
9349,1654942570252738560,0
9350,1656086596083671040,1
9351,1652681021878353920,0
9352,1650803516062191617,1
9353,1656078919597006848,0
9354,1638286229878841346,0
9355,1656083860134973440,0
9356,1656086297243467776,1
9357,1656083532760899585,1
9358,1654145974904733697,0
9359,1656085481598091264,1
9360,1640172402389688322,0
9361,1649359602587148288,0
9362,1656080185186295808,0
9363,1656085146175524870,1
9364,1648776241900818432,0
9365,1656086005114347523,1
9366,1656085686200721408,1
9367,1656048153282396186,1
9368,1608941667062804481,1
9369,1656086456312692736,1
9370,1643124448311267328,0
9371,1563795004061061123,1
9372,1592993135613054976,0
9373,1585879777335922688,0
9374,1610192058471579649,0
9375,1568621216650637312,1
9376,1621166395210735617,0
9377,1656085430717104130,1
9378,1656033928132608019,1
9379,1656085389256577024,1
9380,1656081797195894784,1
9381,1656085959895662594,1
9382,1656076912790216706,1
9383,1656079614484119552,0
9384,1654951395504578562,0
9385,1656070306090344449,1
9386,1617657100536004608,0
9387,1544531709542207488,0
9388,1656085922516025344,1
9389,1656078684925702149,1
9390,1655297696951943169,0
9391,1656080555979464704,0
9392,1624938857803153408,1
9393,1656084813907136512,1
9394,1641166647481319427,1
9395,1656084624823713792,0
9396,1656072324846583811,1
9397,1656085188470767616,1
9398,1656025860904738821,1
9399,1536882685343420418,0
9400,1639934122712760320,0
9401,1613228382782881792,0
9402,1608768209683111937,0
9403,1646978165112274944,1
9404,1656083034247143425,1
9405,1644593448442380289,0
9406,1656085497880494081,1
9407,1656032039546568716,1
9408,1648101535069483014,0
9409,1537513095957987331,0
9410,1655492549920817152,0
9411,1614227485356433410,0
9412,1656067939815284738,1
9413,1656064835472220160,1
9414,1654529649219883008,0
9415,1656086547882729472,1
9416,1641763983718793216,0
9417,1655398753053085697,0
9418,1608079157438648322,0
9419,1653163487831498752,1
9420,1656084771506667524,1
9421,1613145109398265859,1
9422,1579239325161910272,0
9423,1618625246092996610,1
9424,1656080429085016065,1
9425,1592148136533061632,1
9426,1656069630715371520,1
9427,1656085383321354240,1
9428,1622560066095263745,1
9429,1641112406930735104,1
9430,1654631636439277574,1
9431,1615628360461451264,0
9432,1603392434343288832,1
9433,1597205944399982592,1
9434,1647987413984133120,0
9435,1656056792521031680,1
9436,1572111686609281025,0
9437,1630220578345844737,1
9438,1591215897896964096,1
9439,1656084161596096513,1
9440,1656084635804205060,1
9441,1656039854424113182,1
9442,1656080287523278848,0
9443,1656042594261155840,1
9444,1620873848861167638,0
9445,1568509588390944769,1
9446,1654718098237190144,0
9447,1652771547415715843,0
9448,1656084841731858436,1
9449,1656002796448096257,0
9450,1656086420790837249,1
9451,1628694536255049731,0
9452,1578100125175537664,1
9453,1600157852982595584,1
9454,1517226581915144193,0
9455,1656080557686640643,0
9456,1656048408929419289,1
9457,1656085212986748930,0
9458,1643311875164086283,0
9459,1629731877153120260,0
9460,1620933622273392640,0
9461,1654507220971683841,1
9462,1656080824578498560,0
9463,1656085805251567616,0
9464,1656081504634654720,0
9465,1576614436315361281,1
9466,1606079948980375554,0
9467,1656079787566268419,0
9468,1619179007534153728,0
9469,1656085269278339073,1
9470,1655205135889358849,1
9471,1656050496342310913,1
9472,1625136795204694016,0
9473,1630626167190331393,1
9474,1656084921574731780,1
9475,1646605326748209182,0
9476,1656081012827234309,0
9477,1656085817889112065,0
9478,1589549541858365445,0
9479,1656082508763602946,1
9480,1656084099214213130,1
9481,1656080793565790208,0
9482,1656059043163828224,1
9483,1656084745804029952,1
9484,1656084641500254210,0
9485,1656086642120171522,0
9486,1557046357411577857,0
9487,1481178182023847945,0
9488,1587560880698707968,0
9489,1656079390436995073,0
9490,1656085143763779585,1
9491,1656080442162905089,0
9492,1529937972887539712,0
9493,1656085120602734592,1
9494,1656066563739381764,1
9495,1604731506374705152,0
9496,1557884880892993537,0
9497,1529805639207137281,0
9498,1656081432828166145,0
9499,1537979413756715008,0
9500,1656083564939694081,0
9501,1656083370454007810,1
9502,1656086540530110464,0
9503,1655356299020730369,0
9504,1656085319987474433,1
9505,1656030928211431426,1
9506,1656086596108578816,0
9507,1656081652282535936,1
9508,1537964736972587008,0
9509,1656078363000184832,1
9510,1598705110011478017,0
9511,1572039352221593600,0
9512,1609340779163709441,0
9513,1656079693496320001,1
9514,1656070813223882752,1
9515,1656085353424474112,1
9516,1533373456695193600,0
9517,1656061496193953794,1
9518,1611060513076613142,0
9519,1629998559276720129,0
9520,1655756922262364166,0
9521,1642127063048937473,0
9522,1656085789388972032,1
9523,1656074750437801987,1
9524,1632306458241925122,0
9525,1586977292554838016,0
9526,1656083017977266178,1
9527,1655532254100111360,0
9528,1490503856882524161,1
9529,1616786422555463686,1
9530,1656074392311324672,1
9531,1656085120837722113,1
9532,1507017920391499791,0
9533,1607173491731857408,0
9534,1567777271955456002,0
9535,1656085215461228549,1
9536,1575519910918295556,1
9537,1608272755681800192,0
9538,1585304337961472003,1
9539,1571878596616261633,1
9540,1656086349349265413,0
9541,1512803484332175362,0
9542,1656023049135693826,1
9543,1656085258473979904,0
9544,1656083237897228289,0
9545,1649080493265022976,0
9546,1649001636780732416,1
9547,1656079327371628546,0
9548,1656085693263917056,1
9549,1583100476710846466,0
9550,1645859241775845380,1
9551,1656086638685192193,1
9552,1546913040854986752,0
9553,1656082422390194177,1
9554,1656085325490397188,1
9555,1588623540592709632,0
9556,1656074977341489153,1
9557,1561949811556773889,0
9558,1656041551661858816,1
9559,1656020071431512082,1
9560,1656009401357017097,1
9561,1565387315547095043,0
9562,1629021834317549569,0
9563,1550770687576522753,0
9564,1490834007084384256,0
9565,1545272224348745728,0
9566,1656022036584570910,1
9567,1654558590588338177,0
9568,1543957797443739648,0
9569,1656083038302871555,1
9570,1556402151576018944,1
9571,1571059782488051712,1
9572,1656083553304838144,0
9573,1622075052828102657,0
9574,1656060470283980807,0
9575,1656007659198324740,1
9576,1656078590209916928,1
9577,1489760667586420736,0
9578,1656051113689227265,1
9579,1656086226070323200,1
9580,1644112690703667202,1
9581,1525533101245583360,0
9582,1656083374287486977,0
9583,1605724567997419520,0
9584,1656070342710886400,1
9585,1656052378573889538,1
9586,1596054554105331712,0
9587,1656066815653552136,1
9588,1656084647011405824,1
9589,1652687105913495553,1
9590,1656086619605159937,0
9591,1656084913584586755,1
9592,1656085822976696322,1
9593,1641810966265614343,0
9594,1656085533377040384,1
9595,1656081402528497670,1
9596,1605581607791796224,0
9597,1654555510069420032,0
9598,1578711232433229824,0
9599,1593059772491628546,0
9600,1555720829278687232,0
9601,1610392006605299713,0
9602,1656009665225043969,1
9603,1656065291846123525,1
9604,1656086089080389632,1
9605,1619429458804637697,1
9606,1492936253578354692,0
9607,1656084974515232768,1
9608,1656085579157626880,1
9609,1656084185130336258,0
9610,1574932966198779905,1
9611,1639964983646916610,0
9612,1656049230367137792,1
9613,1618798300513058818,0
9614,1656084216562479105,1
9615,1656082517542203392,1
9616,1656084223776935936,0
9617,1656080341143019521,1
9618,1559907491458306055,0
9619,1645000374678601729,0
9620,1656081894801575936,0
9621,1648295920897777665,0
9622,1654508377362530305,0
9623,1529768030670036993,0
9624,1655127839354789888,0
9625,1655680946761535488,0
9626,1656053327103229952,1
9627,1656086377107451904,1
9628,1600630464313626624,0
9629,1656086469948088320,1
9630,1646850083416317952,0
9631,1656018365972979721,1
9632,1584609684270481408,0
9633,1654516478580760576,0
9634,1656083792883318786,1
9635,1650907983730335744,1
9636,1656083648754462723,1
9637,1645495649704583186,0
9638,1656082156018434048,1
9639,1656082522978099200,0
9640,1648631603826946049,1
9641,1556796219338407936,1
9642,1656047627597754369,1
9643,1481028411233652740,1
9644,1569005043134734338,1
9645,1656083319195418625,1
9646,1564983429787226112,1
9647,1619657291560517632,0
9648,1656085923376025602,1
9649,1508491844606377996,0
9650,1656069841588215808,1
9651,1656080107344109568,0
9652,1656018108455297050,1
9653,1656084792281006080,1
9654,1656085909996023814,1
9655,1656082974641618944,0
9656,1582193939682979842,0
9657,1635820215362543618,0
9658,1656080278300037120,0
9659,1656079496405975040,0
9660,1656085915566219264,1
9661,1656069482022948866,1
9662,1656069173330735105,1
9663,1595767749288108034,0
9664,1533777174892879873,1
9665,1656024363521515543,1
9666,1602120203013443584,0
9667,1638250541326168084,0
9668,1656083906725068800,1
9669,1606267945763557378,0
9670,1656086295226236931,1
9671,1608920860936609794,0
9672,1590812019787436035,0
9673,1656016693842386944,1
9674,1656086512004653057,1
9675,1575056612401639424,0
9676,1648703779070697472,0
9677,1656081397298126851,0
9678,1656086036143898625,0
9679,1656080349993086976,0
9680,1656086588710092801,1
9681,1656008153182380032,1
9682,1656085889850970112,0
9683,1656086271716913153,1
9684,1656083044531404805,1
9685,1652092833451442178,0
9686,1539285685772992513,1
9687,1648651320511942657,0
9688,1597831466435883008,0
9689,1656085038318989313,1
9690,1656084763403509761,1
9691,1656085636581867520,0
9692,1559250093177540608,1
9693,1563719982248230912,0
9694,1575279971618418688,0
9695,1656071926765219843,1
9696,1656085804639191041,0
9697,1625511065042964481,1
9698,1600419856263749633,0
9699,1656047717053808663,1
9700,1478926736871940098,1
9701,1567939631395504134,1
9702,1656084924523327488,0
9703,1586547287496400896,1
9704,1656086372875116544,1
9705,1544179049966231552,0
9706,1656074051943649281,1
9707,1656013449615351809,1
9708,1534913475906093056,0
9709,1656083508304150530,0
9710,1629861451769823232,0
9711,1656078564565868547,1
9712,1656048994672422915,1
9713,1499128775447134212,1
9714,1619292756584857600,1
9715,1656086282853048321,1
9716,1604007075331600384,0
9717,1656086537577336832,1
9718,1656079762052337667,0
9719,1656080769259823105,1
9720,1656076152832770048,1
9721,1616964733743271936,0
9722,1654805475903275009,0
9723,1656080426723581957,0
9724,1656085057076088832,1
9725,1656084128222044160,1
9726,1650478526598983683,0
9727,1587040704282480641,1
9728,1591234322874650625,0
9729,1656086139319599111,1
9730,1656085455958421504,0
9731,1594710620926271488,0
9732,1654520493502783492,0
9733,1656052965294379011,1
9734,1541871943254568961,0
9735,1577827027381784577,0
9736,1533561901950574592,1
9737,1635810797954768897,0
9738,1624829772814594048,0
9739,1622505843081052160,0
9740,1656085948567015425,1
9741,1656082287413407744,1
9742,1632730498739982338,0
9743,1656025767833157651,1
9744,1656085447297101825,1
9745,1656076714743668736,1
9746,1656085664214183936,1
9747,1656082137940934656,0
9748,1654807759932514304,0
9749,1645582862283046913,0
9750,1621241068875300864,0
9751,1656078204036173825,1
9752,1624067083683217408,1
9753,1654552436290523136,0
9754,1605061314703159296,0
9755,1656082455420436480,0
9756,1656086638559215616,1
9757,1656077673062440966,1
9758,1656082193565855744,0
9759,1579089519298560000,1
9760,1617687184101806081,0
9761,1656082538706681856,1
9762,1656085558983000065,1
9763,1646861498029948933,0
9764,1549983275657338880,0
9765,1652323718499119109,1
9766,1550554169785958401,1
9767,1555293026569916418,0
9768,1481773694468988931,0
9769,1655982417167958017,0
9770,1656070063139463168,1
9771,1644142424212619264,1
9772,1656068464363073540,1
9773,1653519084439363585,1
9774,1656086442316034053,1
9775,1656076866392842247,1
9776,1656066613945462784,1
9777,1575144629615431682,1
9778,1528490568434819076,0
9779,1634457506440417280,1
9780,1654886519684108289,1
9781,1529634056027009025,0
9782,1656086560364699648,1
9783,1656082922342850560,1
9784,1656086390424190976,0
9785,1512625700695691271,0
9786,1515911298797608961,0
9787,1656081210416812034,0
9788,1656082153313308672,0
9789,1656076610594828289,1
9790,1656080289020428288,1
9791,1655240922781700098,1
9792,1513119855301767177,0
9793,1656085924206321667,1
9794,1656085408978194432,1
9795,1656050050785746944,1
9796,1528837771355648000,0
9797,1656086593608753152,1
9798,1649541595761463296,1
9799,1656081591079239680,1
9800,1656053378554707968,1
9801,1646305091023171586,0
9802,1651367222655475712,1
9803,1656042996662452233,1
9804,1656030237803835392,1
9805,1601084675245867008,1
9806,1563388160281018368,0
9807,1655999574547243009,0
9808,1598364937738276864,1
9809,1656080801698660354,0
9810,1656080225178902529,0
9811,1656086252171542528,1
9812,1626750012599181312,1
9813,1656080700150525953,0
9814,1654952643104473089,0
9815,1656015317011935232,1
9816,1656068217176047617,1
9817,1504106308441681931,0
9818,1595213800814305280,1
9819,1653269636748828672,0
9820,1653900103948685312,0
9821,1656082319399157761,0
9822,1653014167744552961,0
9823,1656079457239564289,0
9824,1568343510679703554,1
9825,1620890693458698267,0
9826,1621897443368665090,0
9827,1515083426369458181,0
9828,1655906095590948865,0
9829,1656085068450766849,0
9830,1656025706885939200,1
9831,1656076449684619265,1
9832,1656080220032475139,0
9833,1656086571354042368,1
9834,1656081058436206593,1
9835,1578334710325219329,0
9836,1656086118172069888,1
9837,1540825441300230144,0
9838,1574005445546606592,0
9839,1656080366560583680,0
9840,1656026947254665233,1
9841,1656079378780942336,1
9842,1656075903569473538,1
9843,1589850954626736128,0
9844,1634544977408557056,1
9845,1656084582108725248,0
9846,1549450514273710081,0
9847,1656083453878714370,0
9848,1638506529572659202,0
9849,1656086411823525890,1
9850,1656085426741051393,1
9851,1656086158592606208,0
9852,1570376888828448769,0
9853,1539989540814966785,0
9854,1656084662135955456,1
9855,1630409211917238272,0
9856,1636126304608329728,0
9857,1575148794097852421,1
9858,1656085527311929350,1
9859,1633068805705568256,1
9860,1656085183387295744,1
9861,1603415731303231494,0
9862,1520250485768216576,0
9863,1565384323536150528,0
9864,1573910544746270721,0
9865,1656079354743357441,1
9866,1635219248598458368,0
9867,1656082602841833473,0
9868,1656079238116814848,0
9869,1656086106478108673,1
9870,1637083568420839424,0
9871,1656017592950333441,1
9872,1656070956488572930,1
9873,1656050073095094273,1
9874,1647721271566688256,0
9875,1656012157761331216,1
9876,1656085874352832515,1
9877,1656039193649225728,1
9878,1574044234063441920,0
9879,1635560763115859968,0
9880,1654938928166625283,0
9881,1656086120579342336,1
9882,1613779274489626624,1
9883,1656085423687450624,1
9884,1656020065404297232,1
9885,1656085645939359744,1
9886,1656073112629174273,1
9887,1563147981611728896,0
9888,1619404785316433920,1
9889,1656085359044730881,1
9890,1656070233151471616,1
9891,1656067490470936576,1
9892,1654796284774195201,0
9893,1656080858493722625,0
9894,1634163107500027907,0
9895,1656074903198527489,1
9896,1630620322671087616,0
9897,1649506585788522497,1
9898,1656086559861403656,1
9899,1656085885375377408,1
9900,1623122854312304642,0
9901,1656084649108553730,0
9902,1656079295561728000,0
9903,1656033138919849985,1
9904,1606060262146166784,0
9905,1489974102974603265,0
9906,1656012236509282305,1
9907,1656067010168586242,1
9908,1559163310905475072,0
9909,1606553903084240897,0
9910,1656072612659843072,1
9911,1600783674487853059,0
9912,1601167699966451712,1
9913,1568110122903212032,1
9914,1656085940287295489,1
9915,1656074249793044481,1
9916,1656085273556709376,1
9917,1592518732542255104,0
9918,1656024451966726144,1
9919,1656085747441516544,1
9920,1573843311676243968,1
9921,1514245793162661892,0
9922,1656086558989258752,0
9923,1583187066149822464,0
9924,1586978368183992320,0
9925,1655578871515824129,0
9926,1656086017785331713,1
9927,1656079275953455108,1
9928,1656080715724001280,0
9929,1560236044905512960,0
9930,1640270457428492290,1
9931,1656018629383659522,1
9932,1656066884645601285,1
9933,1655793979479269378,0
9934,1495465795366834183,0
9935,1656073672086413314,1
9936,1609923990658904064,0
9937,1648809453515599872,1
9938,1656076327110180864,1
9939,1535355104794140675,0
9940,1656014343912267793,1
9941,1581678934999339015,1
9942,1594051271350419456,0
9943,1656028788596064277,1
9944,1656085480285372418,0
9945,1656081138270568450,0
9946,1656078925326348288,1
9947,1486415011366977545,0
9948,1544637675512135680,0
9949,1656075832903757826,1
9950,1656085689962823682,0
9951,1590138519477170176,1
9952,1497208101006721030,0
9953,1654480347982336001,0
9954,1570201113454084096,0
9955,1656082048405086213,0
9956,1572184011132342273,1
9957,1656083347645374465,1
9958,1656085714050641926,0
9959,1656085192484982784,1
9960,1656071321321713670,1
9961,1567958065051324416,1
9962,1656073997946089472,1
9963,1548541262508085248,0
9964,1557823796752564235,1
9965,1573432748454432782,1
9966,1656036223662604302,1
9967,1634864989273210881,1
9968,1484551020625682432,0
9969,1590234230906589185,0
9970,1573299269020401665,1
9971,1590323707809247233,0
9972,1656082305184571392,0
9973,1656081873179664385,0
9974,1648263346498465792,1
9975,1541752324703588353,1
9976,1588903747010277376,1
9977,1656076588117819392,1
9978,1646690172619071488,0
9979,1656057780392927238,1
9980,1656086620003618822,0
9981,1656066178769461249,1
9982,1656079197901815809,0
9983,1587153093577375745,0
9984,1655034971843698688,0
9985,1520093721861124096,0
9986,1655472264006234112,0
9987,1489734011186413568,0
9988,1656084635439251456,1
9989,1643947220234797060,0
9990,1656076332898598912,1
9991,1608455682763939842,1
9992,1575704636048408578,0
9993,1572237899487117315,0
9994,1656081892993581058,0
9995,1529671164578213889,0
9996,1654187367119441920,0
9997,1564446765092421635,0
9998,1530559501325189121,0
9999,1591098263088037892,0
10000,1656080571842404355,1
10001,1656084131669766145,0
10002,1656077821616308227,1
10003,1536849689626173441,0
10004,1654541054278811648,0
10005,1656021581905240093,1
10006,1656080720232603650,0
10007,1654668827014180864,0
10008,1581294839479832576,0
10009,1641466058287591425,0
10010,1656019191730774039,1
10011,1656080825492840457,0
10012,1656061896280121344,1
10013,1656081854640926721,0
10014,1656025003693883395,1
10015,1572718266531061761,0
10016,1656084830201982976,1
10017,1640626021777981441,0
10018,1617732025066352643,0
10019,1656080170934054915,1
10020,1602496739050749953,0
10021,1653907172840075264,0
10022,1574668025575657475,1
10023,1542588037799956480,0
10024,1656076004950159360,1
10025,1590172103625433088,0
10026,1656071676008824833,1
10027,1656085194590371843,1
10028,1595931571915485184,0
10029,1656067456321085440,1
10030,1656071905139474433,1
10031,1616518581696753664,0
10032,1656044701286379520,1
10033,1536120495132770306,0
10034,1590359387264131074,0
10035,1656082484390670337,1
10036,1656086215362314241,1
10037,1584671076889534466,0
10038,1525006716114550784,0
10039,1656026337734279169,1
10040,1656078210348531714,1
10041,1656019617813512192,0
10042,1547799877412745218,1
10043,1653324841221787648,1
10044,1643206814383632387,0
10045,1634519834858864640,1
10046,1656085120548208640,0
10047,1586280449797750786,0
10048,1567948210790088704,1
10049,1656064002672271361,1
10050,1587533062438621185,1
10051,1584468328604913664,1
10052,1595181536969916416,0
10053,1656047171077062673,1
10054,1656083908138778625,1
10055,1538363761190395904,1
10056,1656078951729577988,1
10057,1580268329658241024,0
10058,1612224406482292744,0
10059,1581846159387074560,0
10060,1568176896617365504,1
10061,1656086014429999104,0
10062,1606912501526196225,0
10063,1648955820091011072,1
10064,1656085206351110144,1
10065,1656086215085682688,1
10066,1550106800149651456,0
10067,1656084884971044866,1
10068,1545144610313293825,0
10069,1564924964150677507,0
10070,1656014860486942735,1
10071,1564983573249146881,0
10072,1656032971621556228,1
10073,1572981674388123649,0
10074,1545526548731666432,0
10075,1615137144934121474,0
10076,1656066859303673856,1
10077,1656079730591019009,0
10078,1561614057551036418,0
10079,1630776383822778369,0
10080,1626700676506976257,0
10081,1654101390128558080,1
10082,1655980951812309008,0
10083,1593568649863913473,1
10084,1656079908622290945,0
10085,1655081577616117760,0
10086,1656078060662259712,1
10087,1656086122504527872,0
10088,1635417964290666498,0
10089,1655301365881618435,1
10090,1614234493354737664,0
10091,1648796115938992152,1
10092,1655407035813597184,1
10093,1656007266024185858,1
10094,1613743673199452165,1
10095,1656085569007484928,1
10096,1654706730557644801,0
10097,1656014892149665794,1
10098,1650856698645454848,1
10099,1656086298430504960,1
10100,1651937009747853312,0
10101,1656085607838351360,1
10102,1654891276905377793,0
10103,1656080291776086016,1
10104,1656083455732592647,0
10105,1656085193856352256,1
10106,1526995546077949952,0
10107,1655017922643783680,1
10108,1654979409512914944,0
10109,1654844544762929153,0
10110,1620777899149201411,0
10111,1656085186533097472,0
10112,1656081934504566784,1
10113,1508189647834337282,0
10114,1656083347742019584,1
10115,1655989676178821120,0
10116,1653636118800400384,0
10117,1528768090586157056,0
10118,1656086359835066376,0
10119,1654480581499994112,1
10120,1656072142000119808,1
10121,1656085275783704576,1
10122,1656084879400919040,1
10123,1547850461373276160,0
10124,1607830147121532931,1
10125,1578354731881467904,0
10126,1598663901486481408,0
10127,1575309022580084737,1
10128,1656079629214679040,1
10129,1501173701722525700,0
10130,1654602734463492100,0
10131,1656085305173196800,0
10132,1656067299982594048,1
10133,1655897546160734208,0
10134,1618083618865451014,0
10135,1567235504545882115,1
10136,1656086380634869760,0
10137,1599296998485950464,1
10138,1656079633723584514,0
10139,1526233539662036992,0
10140,1485012513666203648,1
10141,1656078694862168065,1
10142,1656074613305081856,1
10143,1654541718384148481,0
10144,1567180825724178433,0
10145,1656086500277092354,0
10146,1493306563993341955,0
10147,1649100618961764384,0
10148,1656086366562795520,0
10149,1565334054165049344,1
10150,1656083371112517634,1
10151,1656080273136664576,0
10152,1546560847388065795,1
10153,1617326410963775488,0
10154,1656085141545000960,1
10155,1656080340006363142,0
10156,1547972039515914240,1
10157,1656086629575020545,1
10158,1656084999760670720,0
10159,1656079641038258176,0
10160,1642526426875449344,0
10161,1650724416425451520,0
10162,1656084699658305541,1
10163,1656085469254279171,0
10164,1655625258693537808,0
10165,1545548849535754245,0
10166,1656081695097978881,0
10167,1656044618880827409,1
10168,1650375308695207936,0
10169,1656085986390994944,0
10170,1655132204576456706,0
10171,1656071509335740418,1
10172,1656067777453498373,1
10173,1656023522773442560,1
10174,1656085677891526659,1
10175,1656080523515801600,1
10176,1559144491080097793,0
10177,1603430951882825729,0
10178,1656084829199319040,0
10179,1656033847471947798,1
10180,1554785232116662272,0
10181,1583519593506951168,0
10182,1655274919716896768,0
10183,1628970639204687872,1
10184,1656079500415729664,0
10185,1625574996759150592,0
10186,1631741921772142605,0
10187,1656072820483579906,1
10188,1607482677959036936,1
10189,1620948690981593088,0
10190,1656084840121245696,1
10191,1656031719395569665,1
10192,1656086349882200065,1
10193,1592840383838707712,0
10194,1643341634623647745,0
10195,1512803348772278275,0
10196,1656085682194882560,1
10197,1656086158030381057,0
10198,1556044891460870145,1
10199,1598420794560090112,0
10200,1656084730649952256,0
10201,1654606592124366848,0
10202,1656085682249428993,1
10203,1656047214769127433,1
10204,1496394799221559301,0
10205,1656085613995601921,1
10206,1651926576202670083,0
10207,1656084745732890624,1
10208,1613641983792226322,0
10209,1656085353428668417,0
10210,1566528212162707457,0
10211,1656021798100795392,1
10212,1511079152920809472,0
10213,1647856913659621376,1
10214,1623737299161718790,1
10215,1573083220144541696,0
10216,1656080252743954432,1
10217,1654885421028106240,0
10218,1523082947150106626,1
10219,1601940154075254785,0
10220,1656085236407586819,1
10221,1656086230805643264,1
10222,1654818987694252034,0
10223,1656079757031911425,0
10224,1590261052423700480,0
10225,1649384120089300994,1
10226,1554426204584919040,0
10227,1656085419501428736,1
10228,1648008500323164172,1
10229,1656037384474034176,1
10230,1655443008618221570,0
10231,1656077449950633984,1
10232,1597605378996727809,1
10233,1572427403947053057,1
10234,1612830861938024454,0
10235,1582996287451893762,0
10236,1579568123514011648,0
10237,1579433680296374272,0
10238,1642922890193428480,0
10239,1573574670166671362,0
10240,1656080731011940356,1
10241,1636803831425294336,0
10242,1645363072536551424,0
10243,1642176047503351809,1
10244,1656086544761888768,1
10245,1656085018861621248,1
10246,1656086177370324992,1
10247,1656085212982304768,1
10248,1500305795526930434,1
10249,1656085844187308033,1
10250,1634427516281671682,1
10251,1656071585147547650,1
10252,1653854128404320256,1
10253,1512185187219685382,0
10254,1588139659405758464,0
10255,1656041211764051969,1
10256,1567283442735513605,0
10257,1606764176403316737,0
10258,1656085265943871489,1
10259,1656086551967703040,1
10260,1656081274950373384,0
10261,1656086435613614081,1
10262,1656066470319648770,1
10263,1656014729221947393,1
10264,1656039201605922816,1
10265,1615845865544876033,0
